영역,유형,표준점수,남자,여자
언어 ,언어,140,305,338
언어 ,언어,139,20,28
언어 ,언어,138,1147,1040
언어 ,언어,137,146,173
언어 ,언어,136,2163,2136
언어 ,언어,135,475,499
언어 ,언어,134,2971,2885
언어 ,언어,132,923,961
언어 ,언어,131,3738,3667
언어 ,언어,130,1556,1695
언어 ,언어,129,4356,4249
언어 ,언어,128,2147,2361
언어 ,언어,127,4724,4730
언어 ,언어,126,2752,3227
언어 ,언어,125,4903,4889
언어 ,언어,123,3489,3951
언어 ,언어,122,5032,5153
언어 ,언어,121,4218,4615
언어 ,언어,120,5166,5271
언어 ,언어,119,4686,5135
언어 ,언어,118,5314,5535
언어 ,언어,117,5147,5471
언어 ,언어,116,5454,5576
언어 ,언어,114,5358,5829
언어 ,언어,113,5507,5758
언어 ,언어,112,5687,5987
언어 ,언어,111,5683,5795
언어 ,언어,110,5730,5981
언어 ,언어,109,5634,5873
언어 ,언어,108,6030,5957
언어 ,언어,107,5790,5717
언어 ,언어,105,6012,5779
언어 ,언어,104,5858,5780
언어 ,언어,103,5910,5593
언어 ,언어,102,5947,5539
언어 ,언어,101,5951,5528
언어 ,언어,100,5791,5355
언어 ,언어,99,5768,5201
언어 ,언어,98,5704,5058
언어 ,언어,96,5708,5106
언어 ,언어,95,5500,4963
언어 ,언어,94,5492,4841
언어 ,언어,93,5295,4595
언어 ,언어,92,5431,4413
언어 ,언어,91,5272,4234
언어 ,언어,90,5259,4110
언어 ,언어,89,4859,4019
언어 ,언어,87,4908,3759
언어 ,언어,86,4903,3675
언어 ,언어,85,4521,3640
언어 ,언어,84,4421,3427
언어 ,언어,83,4304,3271
언어 ,언어,82,4177,3156
언어 ,언어,81,4046,2953
언어 ,언어,80,3783,2886
언어 ,언어,78,3710,2735
언어 ,언어,77,3508,2666
언어 ,언어,76,3321,2535
언어 ,언어,75,3251,2362
언어 ,언어,74,3053,2229
언어 ,언어,73,2848,2063
언어 ,언어,72,2679,1878
언어 ,언어,71,2615,1859
언어 ,언어,69,2463,1700
언어 ,언어,68,2249,1577
언어 ,언어,67,2225,1479
언어 ,언어,66,2045,1356
언어 ,언어,65,1944,1198
언어 ,언어,64,1834,1175
언어 ,언어,63,1673,1102
언어 ,언어,62,1647,944
언어 ,언어,60,1417,864
언어 ,언어,59,1435,828
언어 ,언어,58,1299,693
언어 ,언어,57,1191,660
언어 ,언어,56,1167,564
언어 ,언어,55,1001,473
언어 ,언어,54,1003,420
언어 ,언어,53,1000,426
언어 ,언어,51,813,362
언어 ,언어,50,619,293
언어 ,언어,49,582,242
언어 ,언어,48,417,175
언어 ,언어,47,443,181
언어 ,언어,46,316,135
언어 ,언어,45,248,112
언어 ,언어,44,167,79
언어 ,언어,42,125,73
언어 ,언어,41,104,42
언어 ,언어,40,62,31
언어 ,언어,39,40,26
언어 ,언어,38,41,28
언어 ,언어,37,25,19
언어 ,언어,36,23,22
언어 ,언어,35,13,11
언어 ,언어,33,5,9
언어 ,언어,32,4,13
언어 ,언어,31,10,3
언어 ,언어,30,8,13
언어 ,언어,29,9,2
언어 ,언어,28,79,30
수리,수리 가형,154,79,16
수리,수리 가형,152,2,0
수리,수리 가형,151,100,13
수리,수리 가형,150,130,19
수리,수리 가형,149,8,2
수리,수리 가형,148,84,13
수리,수리 가형,147,194,41
수리,수리 가형,146,94,5
수리,수리 가형,145,152,39
수리,수리 가형,144,117,19
수리,수리 가형,143,292,60
수리,수리 가형,142,241,34
수리,수리 가형,141,169,41
수리,수리 가형,140,337,69
수리,수리 가형,139,422,110
수리,수리 가형,138,305,85
수리,수리 가형,137,336,88
수리,수리 가형,136,474,87
수리,수리 가형,135,545,143
수리,수리 가형,134,422,104
수리,수리 가형,133,503,123
수리,수리 가형,132,642,182
수리,수리 가형,131,687,194
수리,수리 가형,130,641,191
수리,수리 가형,129,862,221
수리,수리 가형,128,911,304
수리,수리 가형,127,804,267
수리,수리 가형,126,842,294
수리,수리 가형,125,1000,348
수리,수리 가형,124,751,247
수리,수리 가형,123,1041,367
수리,수리 가형,122,865,316
수리,수리 가형,121,1288,468
수리,수리 가형,120,1118,431
수리,수리 가형,119,1185,394
수리,수리 가형,118,1347,505
수리,수리 가형,117,1383,505
수리,수리 가형,116,1282,517
수리,수리 가형,115,1422,551
수리,수리 가형,114,1199,505
수리,수리 가형,113,1418,571
수리,수리 가형,112,1316,580
수리,수리 가형,111,1400,591
수리,수리 가형,110,1558,681
수리,수리 가형,109,1567,642
수리,수리 가형,108,1561,669
수리,수리 가형,107,1680,749
수리,수리 가형,106,1621,746
수리,수리 가형,105,1443,655
수리,수리 가형,104,1786,817
수리,수리 가형,103,1522,693
수리,수리 가형,102,1515,673
수리,수리 가형,101,1195,541
수리,수리 가형,100,1610,830
수리,수리 가형,99,1682,825
수리,수리 가형,98,1521,739
수리,수리 가형,97,1605,724
수리,수리 가형,96,1505,778
수리,수리 가형,95,1466,722
수리,수리 가형,94,1279,589
수리,수리 가형,93,1429,764
수리,수리 가형,92,1153,580
수리,수리 가형,91,1271,618
수리,수리 가형,90,1194,582
수리,수리 가형,89,1371,708
수리,수리 가형,88,1166,621
수리,수리 가형,87,1213,591
수리,수리 가형,86,1209,638
수리,수리 가형,85,1136,516
수리,수리 가형,84,867,452
수리,수리 가형,83,1186,524
수리,수리 가형,82,1155,539
수리,수리 가형,81,696,295
수리,수리 가형,80,952,444
수리,수리 가형,79,1024,497
수리,수리 가형,78,1049,446
수리,수리 가형,77,932,416
수리,수리 가형,76,912,396
수리,수리 가형,75,947,402
수리,수리 가형,74,909,396
수리,수리 가형,73,780,331
수리,수리 가형,72,863,338
수리,수리 가형,71,578,208
수리,수리 가형,70,820,279
수리,수리 가형,69,825,293
수리,수리 가형,68,728,297
수리,수리 가형,67,766,249
수리,수리 가형,66,830,217
수리,수리 가형,65,609,202
수리,수리 가형,64,577,147
수리,수리 가형,63,492,117
수리,수리 가형,62,451,125
수리,수리 가형,61,372,123
수리,수리 가형,60,275,72
수리,수리 가형,59,320,76
수리,수리 가형,58,229,77
수리,수리 가형,57,150,45
수리,수리 가형,56,133,43
수리,수리 가형,55,92,23
수리,수리 가형,54,85,8
수리,수리 가형,53,18,4
수리,수리 가형,52,63,15
수리,수리 가형,51,12,1
수리,수리 가형,50,2,1
수리,수리 가형,48,8,4
수리,수리 나형,158,351,91
수리,수리 나형,156,10,4
수리,수리 나형,155,151,49
수리,수리 나형,154,550,251
수리,수리 나형,153,8,3
수리,수리 나형,152,67,34
수리,수리 나형,151,1114,597
수리,수리 나형,150,38,17
수리,수리 나형,149,231,113
수리,수리 나형,148,795,448
수리,수리 나형,147,719,468
수리,수리 나형,146,106,50
수리,수리 나형,145,522,324
수리,수리 나형,144,1168,766
수리,수리 나형,143,656,497
수리,수리 나형,142,306,165
수리,수리 나형,141,920,610
수리,수리 나형,140,1388,984
수리,수리 나형,139,607,526
수리,수리 나형,138,682,409
수리,수리 나형,137,1396,1106
수리,수리 나형,136,2086,1683
수리,수리 나형,135,1129,831
수리,수리 나형,134,1819,1442
수리,수리 나형,133,1313,1159
수리,수리 나형,132,875,763
수리,수리 나형,131,1619,1519
수리,수리 나형,130,1889,1768
수리,수리 나형,129,1183,1064
수리,수리 나형,128,1433,1269
수리,수리 나형,127,2175,1996
수리,수리 나형,126,1695,1740
수리,수리 나형,125,1318,1212
수리,수리 나형,124,1958,1847
수리,수리 나형,123,2282,2242
수리,수리 나형,122,1745,1665
수리,수리 나형,121,1793,1640
수리,수리 나형,120,4368,4433
수리,수리 나형,119,1848,1682
수리,수리 나형,118,2317,2352
수리,수리 나형,117,2476,2562
수리,수리 나형,116,1950,1959
수리,수리 나형,115,2186,2094
수리,수리 나형,114,2665,2767
수리,수리 나형,113,2252,2452
수리,수리 나형,112,2096,2127
수리,수리 나형,111,2621,2795
수리,수리 나형,110,2628,2932
수리,수리 나형,109,2084,2288
수리,수리 나형,108,2506,2554
수리,수리 나형,107,2791,3082
수리,수리 나형,106,2382,2557
수리,수리 나형,105,5364,5507
수리,수리 나형,104,2686,2986
수리,수리 나형,103,2260,2473
수리,수리 나형,102,2668,2878
수리,수리 나형,101,2835,3241
수리,수리 나형,100,2463,2663
수리,수리 나형,99,2589,2793
수리,수리 나형,98,2989,3392
수리,수리 나형,97,2670,3021
수리,수리 나형,96,2439,2803
수리,수리 나형,95,2868,3326
수리,수리 나형,94,2974,3562
수리,수리 나형,93,2669,2974
수리,수리 나형,92,2944,3309
수리,수리 나형,91,3150,3703
수리,수리 나형,90,2955,3324
수리,수리 나형,89,6303,7429
수리,수리 나형,88,3268,3780
수리,수리 나형,87,3450,3968
수리,수리 나형,86,3790,4209
수리,수리 나형,85,3595,4190
수리,수리 나형,84,3895,4236
수리,수리 나형,83,3969,4424
수리,수리 나형,82,4177,4642
수리,수리 나형,81,3763,4199
수리,수리 나형,80,5499,4974
수리,수리 나형,79,4164,4331
수리,수리 나형,78,3780,4049
수리,수리 나형,77,3809,3998
수리,수리 나형,76,3400,3776
수리,수리 나형,75,4365,4132
수리,수리 나형,74,2516,2769
수리,수리 나형,73,4585,4736
수리,수리 나형,72,1418,1581
수리,수리 나형,71,1296,1354
수리,수리 나형,70,1132,1127
수리,수리 나형,69,692,631
수리,수리 나형,68,417,481
수리,수리 나형,67,460,420
수리,수리 나형,66,236,229
수리,수리 나형,64,223,172
외국어,영어,136,2897,2443
외국어,영어,135,32,26
외국어,영어,134,4066,3183
외국어,영어,133,462,378
외국어,영어,132,4547,3580
외국어,영어,131,1085,891
외국어,영어,130,4662,3766
외국어,영어,129,1958,1438
외국어,영어,128,4362,3651
외국어,영어,127,2851,2260
외국어,영어,126,7867,6528
외국어,영어,125,3784,3535
외국어,영어,124,4294,3504
외국어,영어,123,3624,3298
외국어,영어,122,4600,4015
외국어,영어,121,3375,3074
외국어,영어,120,5318,4522
외국어,영어,119,3143,2961
외국어,영어,118,5493,4912
외국어,영어,117,8587,8134
외국어,영어,116,2936,2810
외국어,영어,115,5620,5371
외국어,영어,114,2873,2768
외국어,영어,113,5894,5498
외국어,영어,112,2791,2849
외국어,영어,111,5719,5478
외국어,영어,110,2891,2751
외국어,영어,109,5540,5569
외국어,영어,108,8301,8206
외국어,영어,107,3051,2996
외국어,영어,106,4999,5158
외국어,영어,105,3164,3089
외국어,영어,104,4881,4954
외국어,영어,103,3133,3196
외국어,영어,102,4621,4602
외국어,영어,101,3368,3293
외국어,영어,100,4507,4487
외국어,영어,99,3498,3346
외국어,영어,98,7712,7612
외국어,영어,97,4050,4049
외국어,영어,96,3519,3498
외국어,영어,95,3875,3905
외국어,영어,94,3593,3514
외국어,영어,93,3823,3682
외국어,영어,92,3480,3508
외국어,영어,91,3530,3534
외국어,영어,90,3546,3461
외국어,영어,89,6813,6702
외국어,영어,88,3483,3217
외국어,영어,87,3458,3297
외국어,영어,86,3382,3195
외국어,영어,85,3236,3074
외국어,영어,84,3283,3048
외국어,영어,83,3419,3140
외국어,영어,82,3217,2996
외국어,영어,81,3139,2906
외국어,영어,80,6476,5654
외국어,영어,79,3243,2835
외국어,영어,78,3127,2816
외국어,영어,77,3356,2707
외국어,영어,76,3284,2614
외국어,영어,75,3173,2590
외국어,영어,74,3146,2554
외국어,영어,73,3191,2423
외국어,영어,72,3165,2386
외국어,영어,71,3093,2295
외국어,영어,70,5993,4458
외국어,영어,69,2798,2067
외국어,영어,68,2747,1891
외국어,영어,67,2698,1800
외국어,영어,66,2447,1627
외국어,영어,65,2589,1543
외국어,영어,64,1977,1326
외국어,영어,63,2116,1245
외국어,영어,62,1982,1094
외국어,영어,61,2522,1478
외국어,영어,60,1026,588
외국어,영어,59,704,399
외국어,영어,58,595,344
외국어,영어,57,370,213
외국어,영어,56,354,213
외국어,영어,55,151,90
외국어,영어,54,183,86
외국어,영어,53,78,43
외국어,영어,52,79,41
외국어,영어,51,25,18
외국어,영어,50,9,6
외국어,영어,49,9,15
외국어,영어,48,2,3
외국어,영어,47,7,14
외국어,영어,46,3,1
외국어,영어,45,68,30
사회탐구,윤리,77,203,184
사회탐구,윤리,75,222,238
사회탐구,윤리,74,456,445
사회탐구,윤리,73,137,155
사회탐구,윤리,72,650,767
사회탐구,윤리,71,643,667
사회탐구,윤리,70,498,719
사회탐구,윤리,69,1046,1370
사회탐구,윤리,68,687,859
사회탐구,윤리,67,979,1508
사회탐구,윤리,66,1150,1553
사회탐구,윤리,65,906,1406
사회탐구,윤리,64,1400,2080
사회탐구,윤리,63,1126,1624
사회탐구,윤리,62,1253,1971
사회탐구,윤리,61,1378,2170
사회탐구,윤리,60,1131,1821
사회탐구,윤리,59,1405,2313
사회탐구,윤리,58,1312,2133
사회탐구,윤리,57,1297,2217
사회탐구,윤리,56,1491,2555
사회탐구,윤리,55,1296,2206
사회탐구,윤리,54,1636,2798
사회탐구,윤리,53,1527,2634
사회탐구,윤리,52,1641,2921
사회탐구,윤리,51,1961,3280
사회탐구,윤리,50,1939,3225
사회탐구,윤리,49,2290,3831
사회탐구,윤리,48,2190,3727
사회탐구,윤리,47,2564,4216
사회탐구,윤리,46,2671,4365
사회탐구,윤리,45,2808,4184
사회탐구,윤리,44,6009,8762
사회탐구,윤리,43,3117,4392
사회탐구,윤리,42,2823,4030
사회탐구,윤리,41,2707,3437
사회탐구,윤리,40,2779,3622
사회탐구,윤리,39,2013,2407
사회탐구,윤리,38,2196,2372
사회탐구,윤리,37,1515,1721
사회탐구,윤리,36,1602,1467
사회탐구,윤리,35,1120,1116
사회탐구,윤리,34,694,578
사회탐구,윤리,33,692,587
사회탐구,윤리,32,262,244
사회탐구,윤리,31,169,147
사회탐구,윤리,30,162,127
사회탐구,윤리,28,59,38
사회탐구,국사,69,1115,466
사회탐구,국사,68,292,122
사회탐구,국사,67,1480,712
사회탐구,국사,66,50,28
사회탐구,국사,65,2035,1094
사회탐구,국사,64,204,133
사회탐구,국사,63,825,504
사회탐구,국사,62,1302,802
사회탐구,국사,61,839,575
사회탐구,국사,60,602,376
사회탐구,국사,59,1231,885
사회탐구,국사,58,505,354
사회탐구,국사,57,586,442
사회탐구,국사,56,976,747
사회탐구,국사,55,514,417
사회탐구,국사,54,1059,798
사회탐구,국사,53,483,365
사회탐구,국사,52,472,422
사회탐구,국사,51,993,853
사회탐구,국사,50,587,470
사회탐구,국사,49,558,492
사회탐구,국사,48,1259,1105
사회탐구,국사,47,632,602
사회탐구,국사,46,755,709
사회탐구,국사,45,1645,1571
사회탐구,국사,44,853,802
사회탐구,국사,43,1029,927
사회탐구,국사,42,2216,1963
사회탐구,국사,41,1407,1199
사회탐구,국사,40,2252,1979
사회탐구,국사,39,964,748
사회탐구,국사,38,900,676
사회탐구,국사,37,1336,1126
사회탐구,국사,36,543,421
사회탐구,국사,35,313,248
사회탐구,국사,34,307,293
사회탐구,국사,32,50,40
사회탐구,한국 지리,74,572,290
사회탐구,한국 지리,72,740,438
사회탐구,한국 지리,71,1017,653
사회탐구,한국 지리,70,432,290
사회탐구,한국 지리,69,1624,1230
사회탐구,한국 지리,68,1236,913
사회탐구,한국 지리,67,1259,1019
사회탐구,한국 지리,66,2196,1914
사회탐구,한국 지리,65,1484,1379
사회탐구,한국 지리,64,2138,2021
사회탐구,한국 지리,63,2320,2373
사회탐구,한국 지리,62,1951,1923
사회탐구,한국 지리,61,2718,2992
사회탐구,한국 지리,60,2430,2772
사회탐구,한국 지리,59,2640,2912
사회탐구,한국 지리,58,2962,3542
사회탐구,한국 지리,57,2544,3013
사회탐구,한국 지리,56,3001,3546
사회탐구,한국 지리,55,3019,3746
사회탐구,한국 지리,54,2821,3664
사회탐구,한국 지리,53,3185,4193
사회탐구,한국 지리,52,2913,3802
사회탐구,한국 지리,51,3079,4139
사회탐구,한국 지리,50,3279,4313
사회탐구,한국 지리,49,2975,3972
사회탐구,한국 지리,48,3262,4517
사회탐구,한국 지리,47,3120,4190
사회탐구,한국 지리,46,3142,4310
사회탐구,한국 지리,45,3167,4255
사회탐구,한국 지리,44,3042,4049
사회탐구,한국 지리,43,3382,4412
사회탐구,한국 지리,42,2920,3961
사회탐구,한국 지리,41,2979,4104
사회탐구,한국 지리,40,2878,3846
사회탐구,한국 지리,39,2673,3404
사회탐구,한국 지리,38,2622,3393
사회탐구,한국 지리,37,2258,2812
사회탐구,한국 지리,36,3756,4815
사회탐구,한국 지리,35,1491,1818
사회탐구,한국 지리,34,1317,1577
사회탐구,한국 지리,33,1236,1156
사회탐구,한국 지리,32,812,946
사회탐구,한국 지리,31,459,570
사회탐구,한국 지리,30,386,369
사회탐구,한국 지리,29,247,306
사회탐구,한국 지리,28,70,90
사회탐구,한국 지리,27,142,150
사회탐구,한국 지리,25,41,47
사회탐구,세계 지리,74,43,18
사회탐구,세계 지리,72,36,7
사회탐구,세계 지리,71,184,94
사회탐구,세계 지리,70,12,7
사회탐구,세계 지리,69,201,90
사회탐구,세계 지리,68,380,207
사회탐구,세계 지리,67,98,59
사회탐구,세계 지리,66,401,287
사회탐구,세계 지리,65,698,515
사회탐구,세계 지리,64,658,490
사회탐구,세계 지리,63,451,383
사회탐구,세계 지리,62,533,395
사회탐구,세계 지리,61,657,593
사회탐구,세계 지리,60,485,451
사회탐구,세계 지리,59,612,578
사회탐구,세계 지리,58,545,567
사회탐구,세계 지리,57,542,528
사회탐구,세계 지리,56,1140,1133
사회탐구,세계 지리,55,596,576
사회탐구,세계 지리,54,469,523
사회탐구,세계 지리,53,511,504
사회탐구,세계 지리,52,519,570
사회탐구,세계 지리,51,518,462
사회탐구,세계 지리,50,522,519
사회탐구,세계 지리,49,563,495
사회탐구,세계 지리,48,552,468
사회탐구,세계 지리,47,542,477
사회탐구,세계 지리,46,1212,996
사회탐구,세계 지리,45,613,545
사회탐구,세계 지리,44,607,562
사회탐구,세계 지리,43,606,538
사회탐구,세계 지리,42,725,585
사회탐구,세계 지리,41,667,605
사회탐구,세계 지리,40,587,514
사회탐구,세계 지리,39,715,589
사회탐구,세계 지리,38,615,493
사회탐구,세계 지리,37,1300,960
사회탐구,세계 지리,36,399,318
사회탐구,세계 지리,35,507,359
사회탐구,세계 지리,34,238,165
사회탐구,세계 지리,33,283,203
사회탐구,세계 지리,32,139,97
사회탐구,세계 지리,31,81,61
사회탐구,세계 지리,30,91,59
사회탐구,세계 지리,28,34,19
사회탐구,경제 지리,76,52,21
사회탐구,경제 지리,73,18,9
사회탐구,경제 지리,72,358,126
사회탐구,경제 지리,71,1,0
사회탐구,경제 지리,70,145,94
사회탐구,경제 지리,69,697,346
사회탐구,경제 지리,67,45,24
사회탐구,경제 지리,66,423,256
사회탐구,경제 지리,65,979,528
사회탐구,경제 지리,64,145,110
사회탐구,경제 지리,63,808,573
사회탐구,경제 지리,62,1170,646
사회탐구,경제 지리,61,363,349
사회탐구,경제 지리,59,1341,962
사회탐구,경제 지리,58,1214,786
사회탐구,경제 지리,57,888,717
사회탐구,경제 지리,56,1588,1105
사회탐구,경제 지리,55,1178,797
사회탐구,경제 지리,54,1316,1056
사회탐구,경제 지리,53,1570,1134
사회탐구,경제 지리,51,1177,928
사회탐구,경제 지리,50,1574,1075
사회탐구,경제 지리,49,1323,997
사회탐구,경제 지리,48,1237,1052
사회탐구,경제 지리,47,1269,1070
사회탐구,경제 지리,46,1085,878
사회탐구,경제 지리,45,1106,934
사회탐구,경제 지리,43,1001,822
사회탐구,경제 지리,42,908,769
사회탐구,경제 지리,41,815,698
사회탐구,경제 지리,40,719,631
사회탐구,경제 지리,39,682,546
사회탐구,경제 지리,38,600,455
사회탐구,경제 지리,36,467,430
사회탐구,경제 지리,35,486,340
사회탐구,경제 지리,34,430,312
사회탐구,경제 지리,33,355,299
사회탐구,경제 지리,32,314,236
사회탐구,경제 지리,31,236,190
사회탐구,경제 지리,30,231,160
사회탐구,경제 지리,28,192,125
사회탐구,경제 지리,27,259,116
사회탐구,경제 지리,26,140,83
사회탐구,경제 지리,25,82,47
사회탐구,경제 지리,24,85,34
사회탐구,경제 지리,23,39,20
사회탐구,경제 지리,22,21,14
사회탐구,경제 지리,20,28,14
사회탐구,경제 지리,18,25,5
사회탐구,한국 근·현대사,71,607,437
사회탐구,한국 근·현대사,70,956,759
사회탐구,한국 근·현대사,69,1138,1007
사회탐구,한국 근·현대사,68,465,460
사회탐구,한국 근·현대사,67,2334,2199
사회탐구,한국 근·현대사,66,1228,1207
사회탐구,한국 근·현대사,65,4052,4061
사회탐구,한국 근·현대사,64,1247,1427
사회탐구,한국 근·현대사,63,2254,2480
사회탐구,한국 근·현대사,62,2328,2440
사회탐구,한국 근·현대사,61,1497,1957
사회탐구,한국 근·현대사,60,4284,4708
사회탐구,한국 근·현대사,59,1907,2404
사회탐구,한국 근·현대사,58,1959,2353
사회탐구,한국 근·현대사,57,1562,1928
사회탐구,한국 근·현대사,56,1988,2436
사회탐구,한국 근·현대사,55,3357,4133
사회탐구,한국 근·현대사,54,1786,2147
사회탐구,한국 근·현대사,53,1584,1992
사회탐구,한국 근·현대사,52,1813,2288
사회탐구,한국 근·현대사,51,3415,4489
사회탐구,한국 근·현대사,50,1797,2334
사회탐구,한국 근·현대사,49,1857,2428
사회탐구,한국 근·현대사,48,2004,2808
사회탐구,한국 근·현대사,47,2014,2792
사회탐구,한국 근·현대사,46,4548,6112
사회탐구,한국 근·현대사,45,2547,3615
사회탐구,한국 근·현대사,44,2541,3694
사회탐구,한국 근·현대사,43,2624,3556
사회탐구,한국 근·현대사,42,2851,4011
사회탐구,한국 근·현대사,41,5489,7486
사회탐구,한국 근·현대사,40,2734,3640
사회탐구,한국 근·현대사,39,2339,3083
사회탐구,한국 근·현대사,38,3232,3756
사회탐구,한국 근·현대사,37,1764,2229
사회탐구,한국 근·현대사,36,3776,4423
사회탐구,한국 근·현대사,35,815,1047
사회탐구,한국 근·현대사,34,1039,1285
사회탐구,한국 근·현대사,33,459,483
사회탐구,한국 근·현대사,32,316,360
사회탐구,한국 근·현대사,31,323,365
사회탐구,한국 근·현대사,30,130,126
사회탐구,세계사,72,173,49
사회탐구,세계사,71,202,17
사회탐구,세계사,70,348,108
사회탐구,세계사,69,59,16
사회탐구,세계사,68,806,295
사회탐구,세계사,67,194,54
사회탐구,세계사,66,521,226
사회탐구,세계사,65,300,179
사회탐구,세계사,64,863,455
사회탐구,세계사,63,259,172
사회탐구,세계사,62,415,242
사회탐구,세계사,61,419,285
사회탐구,세계사,60,744,474
사회탐구,세계사,59,391,239
사회탐구,세계사,58,315,241
사회탐구,세계사,57,383,280
사회탐구,세계사,56,647,477
사회탐구,세계사,55,306,250
사회탐구,세계사,54,281,240
사회탐구,세계사,53,315,259
사회탐구,세계사,52,596,519
사회탐구,세계사,51,316,246
사회탐구,세계사,50,358,261
사회탐구,세계사,49,357,340
사회탐구,세계사,48,788,689
사회탐구,세계사,47,429,418
사회탐구,세계사,46,488,457
사회탐구,세계사,45,548,520
사회탐구,세계사,44,1413,1232
사회탐구,세계사,43,764,656
사회탐구,세계사,42,751,662
사회탐구,세계사,41,682,598
사회탐구,세계사,40,1333,1292
사회탐구,세계사,39,521,512
사회탐구,세계사,38,578,554
사회탐구,세계사,37,305,288
사회탐구,세계사,36,537,521
사회탐구,세계사,35,89,99
사회탐구,세계사,34,111,137
사회탐구,세계사,32,50,35
사회탐구,법과 사회,71,218,260
사회탐구,법과 사회,69,121,138
사회탐구,법과 사회,68,517,655
사회탐구,법과 사회,67,26,32
사회탐구,법과 사회,66,365,435
사회탐구,법과 사회,65,789,1134
사회탐구,법과 사회,64,613,854
사회탐구,법과 사회,63,639,1005
사회탐구,법과 사회,62,262,425
사회탐구,법과 사회,61,720,1274
사회탐구,법과 사회,60,517,1019
사회탐구,법과 사회,59,494,827
사회탐구,법과 사회,58,670,1210
사회탐구,법과 사회,57,453,846
사회탐구,법과 사회,56,549,1087
사회탐구,법과 사회,55,557,1112
사회탐구,법과 사회,54,487,858
사회탐구,법과 사회,53,581,1175
사회탐구,법과 사회,52,511,955
사회탐구,법과 사회,51,575,993
사회탐구,법과 사회,50,1081,2017
사회탐구,법과 사회,49,583,1147
사회탐구,법과 사회,48,595,1043
사회탐구,법과 사회,47,661,1076
사회탐구,법과 사회,46,639,1090
사회탐구,법과 사회,45,637,1065
사회탐구,법과 사회,44,672,1099
사회탐구,법과 사회,43,649,1107
사회탐구,법과 사회,42,680,1111
사회탐구,법과 사회,41,614,1027
사회탐구,법과 사회,40,614,915
사회탐구,법과 사회,39,645,999
사회탐구,법과 사회,38,559,813
사회탐구,법과 사회,37,558,798
사회탐구,법과 사회,36,561,703
사회탐구,법과 사회,35,836,1128
사회탐구,법과 사회,34,310,312
사회탐구,법과 사회,33,264,337
사회탐구,법과 사회,32,173,179
사회탐구,법과 사회,31,157,178
사회탐구,법과 사회,30,75,94
사회탐구,법과 사회,29,81,69
사회탐구,법과 사회,28,57,57
사회탐구,법과 사회,27,20,13
사회탐구,법과 사회,26,16,12
사회탐구,법과 사회,24,15,12
사회탐구,정치,70,200,159
사회탐구,정치,68,937,897
사회탐구,정치,67,116,126
사회탐구,정치,66,1085,1136
사회탐구,정치,65,1043,1273
사회탐구,정치,64,669,766
사회탐구,정치,63,1796,2322
사회탐구,정치,62,1058,1390
사회탐구,정치,61,1294,1898
사회탐구,정치,60,1923,2816
사회탐구,정치,59,1202,1662
사회탐구,정치,58,1730,2627
사회탐구,정치,57,1668,2548
사회탐구,정치,56,1268,1937
사회탐구,정치,55,1732,2842
사회탐구,정치,54,1391,2159
사회탐구,정치,53,1347,2305
사회탐구,정치,52,1556,2590
사회탐구,정치,51,2483,4282
사회탐구,정치,50,1312,2158
사회탐구,정치,49,1075,1895
사회탐구,정치,48,1266,2187
사회탐구,정치,47,1086,1891
사회탐구,정치,46,1099,1956
사회탐구,정치,45,1169,1981
사회탐구,정치,44,978,1754
사회탐구,정치,43,1082,1846
사회탐구,정치,42,1000,1622
사회탐구,정치,41,965,1674
사회탐구,정치,40,934,1504
사회탐구,정치,39,842,1349
사회탐구,정치,38,907,1477
사회탐구,정치,37,848,1222
사회탐구,정치,36,832,1149
사회탐구,정치,35,767,1064
사회탐구,정치,34,1531,1757
사회탐구,정치,33,750,776
사회탐구,정치,32,622,628
사회탐구,정치,31,426,469
사회탐구,정치,30,689,553
사회탐구,정치,29,276,248
사회탐구,정치,28,259,217
사회탐구,정치,27,169,145
사회탐구,정치,26,79,52
사회탐구,정치,25,116,107
사회탐구,정치,23,57,33
사회탐구,경제,83,10,2
사회탐구,경제,81,7,1
사회탐구,경제,80,96,25
사회탐구,경제,79,6,1
사회탐구,경제,78,59,23
사회탐구,경제,77,216,66
사회탐구,경제,76,45,11
사회탐구,경제,74,244,69
사회탐구,경제,73,332,169
사회탐구,경제,72,153,50
사회탐구,경제,71,495,218
사회탐구,경제,70,438,227
사회탐구,경제,69,427,216
사회탐구,경제,68,742,389
사회탐구,경제,67,568,308
사회탐구,경제,65,792,483
사회탐구,경제,64,873,608
사회탐구,경제,63,857,540
사회탐구,경제,62,1103,809
사회탐구,경제,61,978,725
사회탐구,경제,60,1123,868
사회탐구,경제,59,1221,976
사회탐구,경제,58,1192,955
사회탐구,경제,56,1377,1249
사회탐구,경제,55,1346,1222
사회탐구,경제,54,1431,1268
사회탐구,경제,53,1573,1474
사회탐구,경제,52,1427,1357
사회탐구,경제,51,1668,1588
사회탐구,경제,50,1664,1479
사회탐구,경제,49,1727,1568
사회탐구,경제,47,1728,1564
사회탐구,경제,46,1678,1588
사회탐구,경제,45,1852,1694
사회탐구,경제,44,1739,1599
사회탐구,경제,43,2028,1667
사회탐구,경제,42,1673,1510
사회탐구,경제,41,1746,1523
사회탐구,경제,40,1517,1290
사회탐구,경제,38,1355,1153
사회탐구,경제,37,1151,953
사회탐구,경제,36,1135,909
사회탐구,경제,35,810,666
사회탐구,경제,34,544,418
사회탐구,경제,33,435,351
사회탐구,경제,32,303,204
사회탐구,경제,31,133,107
사회탐구,경제,29,175,121
사회탐구,경제,27,62,44
사회탐구,사회·문화,74,30,33
사회탐구,사회·문화,72,59,36
사회탐구,사회·문화,71,643,650
사회탐구,사회·문화,70,16,14
사회탐구,사회·문화,69,1166,1247
사회탐구,사회·문화,68,1073,1528
사회탐구,사회·문화,67,397,476
사회탐구,사회·문화,66,2562,3431
사회탐구,사회·문화,65,1408,2099
사회탐구,사회·문화,64,1248,1532
사회탐구,사회·문화,63,3728,5705
사회탐구,사회·문화,62,1502,2459
사회탐구,사회·문화,61,2299,3174
사회탐구,사회·문화,60,4126,6786
사회탐구,사회·문화,59,1531,2565
사회탐구,사회·문화,58,3124,5067
사회탐구,사회·문화,57,3664,6620
사회탐구,사회·문화,56,1992,3035
사회탐구,사회·문화,55,3576,5816
사회탐구,사회·문화,54,3081,5360
사회탐구,사회·문화,53,6126,9580
사회탐구,사회·문화,52,2638,4228
사회탐구,사회·문화,51,2975,4603
사회탐구,사회·문화,50,3122,4818
사회탐구,사회·문화,49,2682,4009
사회탐구,사회·문화,48,3268,4738
사회탐구,사회·문화,47,2871,3991
사회탐구,사회·문화,46,3340,4218
사회탐구,사회·문화,45,3215,4107
사회탐구,사회·문화,44,3148,3903
사회탐구,사회·문화,43,3324,4143
사회탐구,사회·문화,42,3240,3645
사회탐구,사회·문화,41,3446,3882
사회탐구,사회·문화,40,3175,3482
사회탐구,사회·문화,39,3141,3359
사회탐구,사회·문화,38,3532,3279
사회탐구,사회·문화,37,2676,2697
사회탐구,사회·문화,36,2588,2658
사회탐구,사회·문화,35,2208,1895
사회탐구,사회·문화,34,2309,2055
사회탐구,사회·문화,33,1490,1326
사회탐구,사회·문화,32,1318,1137
사회탐구,사회·문화,31,913,865
사회탐구,사회·문화,30,686,548
사회탐구,사회·문화,29,497,407
사회탐구,사회·문화,28,190,133
사회탐구,사회·문화,27,260,208
사회탐구,사회·문화,25,91,88
과학탐구,물리 ll,67,4614,828
과학탐구,물리 ll,65,5604,1171
과학탐구,물리 ll,64,702,129
과학탐구,물리 ll,63,3175,686
과학탐구,물리 ll,62,3113,724
과학탐구,물리 ll,61,2590,668
과학탐구,물리 ll,60,1219,316
과학탐구,물리 ll,59,3887,1050
과학탐구,물리 ll,58,1276,303
과학탐구,물리 ll,57,1909,514
과학탐구,물리 ll,56,1503,485
과학탐구,물리 ll,55,3026,936
과학탐구,물리 ll,54,1312,421
과학탐구,물리 ll,53,1490,503
과학탐구,물리 ll,52,2796,1070
과학탐구,물리 ll,51,1530,572
과학탐구,물리 ll,50,1394,567
과학탐구,물리 ll,49,2998,1197
과학탐구,물리 ll,48,1651,609
과학탐구,물리 ll,47,1655,668
과학탐구,물리 ll,46,3482,1501
과학탐구,물리 ll,45,1866,866
과학탐구,물리 ll,44,2028,855
과학탐구,물리 ll,43,4342,1896
과학탐구,물리 ll,42,2264,1007
과학탐구,물리 ll,41,2338,972
과학탐구,물리 ll,40,4768,2038
과학탐구,물리 ll,39,2141,997
과학탐구,물리 ll,38,1985,849
과학탐구,물리 ll,37,3559,1519
과학탐구,물리 ll,36,1185,527
과학탐구,물리 ll,35,1071,522
과학탐구,물리 ll,34,1450,623
과학탐구,물리 ll,33,581,220
과학탐구,물리 ll,32,284,127
과학탐구,물리 ll,31,358,136
과학탐구,물리 ll,29,82,33
과학탐구,화학 ll,72,397,74
과학탐구,화학 ll,70,300,58
과학탐구,화학 ll,69,1558,384
과학탐구,화학 ll,68,129,31
과학탐구,화학 ll,67,3734,1093
과학탐구,화학 ll,66,1034,393
과학탐구,화학 ll,65,3108,1173
과학탐구,화학 ll,64,1942,780
과학탐구,화학 ll,63,2858,1216
과학탐구,화학 ll,62,3094,1370
과학탐구,화학 ll,61,2547,1171
과학탐구,화학 ll,60,3520,1803
과학탐구,화학 ll,59,2711,1392
과학탐구,화학 ll,58,6326,3541
과학탐구,화학 ll,57,3089,1607
과학탐구,화학 ll,56,3170,1871
과학탐구,화학 ll,55,2654,1598
과학탐구,화학 ll,54,3116,1878
과학탐구,화학 ll,53,2575,1575
과학탐구,화학 ll,52,2704,1617
과학탐구,화학 ll,51,2566,1599
과학탐구,화학 ll,50,2365,1573
과학탐구,화학 ll,49,4831,3201
과학탐구,화학 ll,48,2598,1674
과학탐구,화학 ll,47,2411,1606
과학탐구,화학 ll,46,2440,1690
과학탐구,화학 ll,45,2753,1799
과학탐구,화학 ll,44,2439,1616
과학탐구,화학 ll,43,3126,2013
과학탐구,화학 ll,42,2783,1833
과학탐구,화학 ll,41,2859,1929
과학탐구,화학 ll,40,6042,3700
과학탐구,화학 ll,39,3400,1980
과학탐구,화학 ll,38,2838,1579
과학탐구,화학 ll,37,2332,1268
과학탐구,화학 ll,36,3064,1625
과학탐구,화학 ll,35,1543,734
과학탐구,화학 ll,34,1791,887
과학탐구,화학 ll,33,1661,769
과학탐구,화학 ll,32,563,205
과학탐구,화학 ll,31,1280,519
과학탐구,화학 ll,30,197,86
과학탐구,화학 ll,29,220,86
과학탐구,화학 ll,27,70,33
과학탐구,생물 ll,69,955,412
과학탐구,생물 ll,68,1197,613
과학탐구,생물 ll,67,1406,751
과학탐구,생물 ll,66,842,441
과학탐구,생물 ll,65,2578,1487
과학탐구,생물 ll,64,3655,2291
과학탐구,생물 ll,63,2594,1681
과학탐구,생물 ll,62,1997,1229
과학탐구,생물 ll,61,3235,2107
과학탐구,생물 ll,60,2370,1567
과학탐구,생물 ll,59,6122,3945
과학탐구,생물 ll,58,2443,1578
과학탐구,생물 ll,57,3339,2110
과학탐구,생물 ll,56,2619,1690
과학탐구,생물 ll,55,2851,1744
과학탐구,생물 ll,54,5344,3467
과학탐구,생물 ll,53,3013,1825
과학탐구,생물 ll,52,2491,1598
과학탐구,생물 ll,51,2483,1553
과학탐구,생물 ll,50,2661,1605
과학탐구,생물 ll,49,4630,3017
과학탐구,생물 ll,48,2280,1468
과학탐구,생물 ll,47,2162,1342
과학탐구,생물 ll,46,2520,1442
과학탐구,생물 ll,45,2095,1232
과학탐구,생물 ll,44,4882,2657
과학탐구,생물 ll,43,2379,1313
과학탐구,생물 ll,42,2631,1406
과학탐구,생물 ll,41,2426,1290
과학탐구,생물 ll,40,2867,1566
과학탐구,생물 ll,39,2648,1342
과학탐구,생물 ll,38,5604,2823
과학탐구,생물 ll,37,2376,1118
과학탐구,생물 ll,36,2784,1325
과학탐구,생물 ll,35,2437,1006
과학탐구,생물 ll,34,1966,792
과학탐구,생물 ll,33,2655,1296
과학탐구,생물 ll,32,1150,482
과학탐구,생물 ll,31,608,286
과학탐구,생물 ll,30,279,103
과학탐구,생물 ll,29,364,188
과학탐구,생물 ll,28,120,59
과학탐구,지구과학 ll,73,231,60
과학탐구,지구과학 ll,71,162,71
과학탐구,지구과학 ll,70,893,291
과학탐구,지구과학 ll,69,61,30
과학탐구,지구과학 ll,68,773,363
과학탐구,지구과학 ll,67,1476,599
과학탐구,지구과학 ll,66,384,205
과학탐구,지구과학 ll,65,1747,837
과학탐구,지구과학 ll,64,1702,802
과학탐구,지구과학 ll,63,1050,628
과학탐구,지구과학 ll,62,2374,1309
과학탐구,지구과학 ll,61,1676,866
과학탐구,지구과학 ll,60,1918,1250
과학탐구,지구과학 ll,59,2701,1464
과학탐구,지구과학 ll,58,1871,1084
과학탐구,지구과학 ll,57,2618,1602
과학탐구,지구과학 ll,56,2403,1324
과학탐구,지구과학 ll,55,2213,1360
과학탐구,지구과학 ll,54,2648,1575
과학탐구,지구과학 ll,53,2219,1265
과학탐구,지구과학 ll,52,2584,1602
과학탐구,지구과학 ll,51,2402,1349
과학탐구,지구과학 ll,50,2334,1378
과학탐구,지구과학 ll,49,2593,1464
과학탐구,지구과학 ll,48,2146,1270
과학탐구,지구과학 ll,47,2457,1442
과학탐구,지구과학 ll,46,2124,1216
과학탐구,지구과학 ll,45,2203,1304
과학탐구,지구과학 ll,44,2244,1240
과학탐구,지구과학 ll,43,2101,1184
과학탐구,지구과학 ll,42,2360,1343
과학탐구,지구과학 ll,41,1777,1085
과학탐구,지구과학 ll,40,4082,2398
과학탐구,지구과학 ll,39,1776,993
과학탐구,지구과학 ll,38,1859,1053
과학탐구,지구과학 ll,37,1411,762
과학탐구,지구과학 ll,36,1611,840
과학탐구,지구과학 ll,35,1320,666
과학탐구,지구과학 ll,34,1074,535
과학탐구,지구과학 ll,33,1090,493
과학탐구,지구과학 ll,32,572,292
과학탐구,지구과학 ll,31,659,321
과학탐구,지구과학 ll,30,308,135
과학탐구,지구과학 ll,29,313,122
과학탐구,지구과학 ll,28,198,84
과학탐구,지구과학 ll,27,73,25
과학탐구,지구과학 ll,26,125,48
과학탐구,지구과학 ll,24,53,26
과학탐구,물리 lll,72,108,7
과학탐구,물리 lll,71,100,5
과학탐구,물리 lll,70,196,11
과학탐구,물리 lll,69,54,1
과학탐구,물리 lll,68,307,17
과학탐구,물리 lll,67,220,11
과학탐구,물리 lll,66,643,38
과학탐구,물리 lll,65,249,17
과학탐구,물리 lll,64,384,39
과학탐구,물리 lll,63,367,25
과학탐구,물리 lll,62,304,28
과학탐구,물리 lll,61,458,42
과학탐구,물리 lll,60,703,77
과학탐구,물리 lll,59,349,38
과학탐구,물리 lll,58,313,29
과학탐구,물리 lll,57,372,45
과학탐구,물리 lll,56,318,44
과학탐구,물리 lll,55,336,52
과학탐구,물리 lll,54,694,93
과학탐구,물리 lll,53,341,51
과학탐구,물리 lll,52,358,47
과학탐구,물리 lll,51,361,64
과학탐구,물리 lll,50,410,61
과학탐구,물리 lll,49,402,62
과학탐구,물리 lll,48,935,116
과학탐구,물리 lll,47,519,81
과학탐구,물리 lll,46,502,71
과학탐구,물리 lll,45,516,86
과학탐구,물리 lll,44,578,93
과학탐구,물리 lll,43,548,79
과학탐구,물리 lll,42,1112,184
과학탐구,물리 lll,41,636,95
과학탐구,물리 lll,40,554,75
과학탐구,물리 lll,39,644,109
과학탐구,물리 lll,38,459,60
과학탐구,물리 lll,37,343,57
과학탐구,물리 lll,36,610,89
과학탐구,물리 lll,35,185,16
과학탐구,물리 lll,34,173,23
과학탐구,물리 lll,33,94,11
과학탐구,물리 lll,32,67,2
과학탐구,물리 lll,31,67,2
과학탐구,물리 lll,30,29,0
과학탐구,화학 lll,72,348,56
과학탐구,화학 lll,70,391,92
과학탐구,화학 lll,69,618,135
과학탐구,화학 lll,68,1315,319
과학탐구,화학 lll,67,450,109
과학탐구,화학 lll,66,923,308
과학탐구,화학 lll,65,842,234
과학탐구,화학 lll,64,662,213
과학탐구,화학 lll,63,1721,582
과학탐구,화학 lll,62,909,289
과학탐구,화학 lll,61,846,338
과학탐구,화학 lll,60,682,252
과학탐구,화학 lll,59,1668,627
과학탐구,화학 lll,58,790,310
과학탐구,화학 lll,57,818,355
과학탐구,화학 lll,56,665,311
과학탐구,화학 lll,55,1512,728
과학탐구,화학 lll,54,674,382
과학탐구,화학 lll,53,801,398
과학탐구,화학 lll,52,675,344
과학탐구,화학 lll,51,1431,819
과학탐구,화학 lll,50,707,421
과학탐구,화학 lll,49,872,495
과학탐구,화학 lll,48,797,468
과학탐구,화학 lll,47,1992,1064
과학탐구,화학 lll,46,1010,573
과학탐구,화학 lll,45,1282,666
과학탐구,화학 lll,44,1133,581
과학탐구,화학 lll,43,2810,1414
과학탐구,화학 lll,42,1432,675
과학탐구,화학 lll,41,1647,740
과학탐구,화학 lll,40,1299,586
과학탐구,화학 lll,39,1547,696
과학탐구,화학 lll,38,2344,1036
과학탐구,화학 lll,37,1031,490
과학탐구,화학 lll,36,595,234
과학탐구,화학 lll,35,531,241
과학탐구,화학 lll,34,539,200
과학탐구,화학 lll,33,203,83
과학탐구,화학 lll,31,68,27
과학탐구,생물 lll,70,417,339
과학탐구,생물 lll,68,340,262
과학탐구,생물 lll,67,975,795
과학탐구,생물 lll,66,918,812
과학탐구,생물 lll,65,929,757
과학탐구,생물 lll,64,458,435
과학탐구,생물 lll,63,1221,1128
과학탐구,생물 lll,62,1618,1568
과학탐구,생물 lll,61,1180,1083
과학탐구,생물 lll,60,778,725
과학탐구,생물 lll,59,1126,1077
과학탐구,생물 lll,58,860,860
과학탐구,생물 lll,57,1906,1890
과학탐구,생물 lll,56,782,787
과학탐구,생물 lll,55,891,921
과학탐구,생물 lll,54,808,910
과학탐구,생물 lll,53,800,866
과학탐구,생물 lll,52,1810,1793
과학탐구,생물 lll,51,952,979
과학탐구,생물 lll,50,921,905
과학탐구,생물 lll,49,914,928
과학탐구,생물 lll,48,973,1022
과학탐구,생물 lll,47,935,916
과학탐구,생물 lll,46,2048,2101
과학탐구,생물 lll,45,1062,1107
과학탐구,생물 lll,44,1054,1038
과학탐구,생물 lll,43,1152,1031
과학탐구,생물 lll,42,1201,1097
과학탐구,생물 lll,41,2238,1902
과학탐구,생물 lll,40,1064,893
과학탐구,생물 lll,39,1147,847
과학탐구,생물 lll,38,1059,768
과학탐구,생물 lll,37,1096,728
과학탐구,생물 lll,36,2069,1298
과학탐구,생물 lll,35,765,465
과학탐구,생물 lll,34,613,373
과학탐구,생물 lll,33,346,213
과학탐구,생물 lll,32,485,212
과학탐구,생물 lll,31,385,161
과학탐구,생물 lll,30,143,60
과학탐구,생물 lll,28,75,36
과학탐구,지구과학 lll,73,98,18
과학탐구,지구과학 lll,71,52,12
과학탐구,지구과학 lll,70,181,32
과학탐구,지구과학 lll,69,30,2
과학탐구,지구과학 lll,68,199,47
과학탐구,지구과학 lll,67,327,82
과학탐구,지구과학 lll,66,311,71
과학탐구,지구과학 lll,65,198,52
과학탐구,지구과학 lll,64,241,50
과학탐구,지구과학 lll,63,315,81
과학탐구,지구과학 lll,62,207,53
과학탐구,지구과학 lll,61,307,75
과학탐구,지구과학 lll,60,280,78
과학탐구,지구과학 lll,59,578,148
과학탐구,지구과학 lll,58,257,80
과학탐구,지구과학 lll,57,294,90
과학탐구,지구과학 lll,56,247,80
과학탐구,지구과학 lll,55,285,87
과학탐구,지구과학 lll,54,333,108
과학탐구,지구과학 lll,53,280,83
과학탐구,지구과학 lll,52,302,120
과학탐구,지구과학 lll,51,315,105
과학탐구,지구과학 lll,50,726,228
과학탐구,지구과학 lll,49,369,101
과학탐구,지구과학 lll,48,427,159
과학탐구,지구과학 lll,47,397,143
과학탐구,지구과학 lll,46,431,152
과학탐구,지구과학 lll,45,438,150
과학탐구,지구과학 lll,44,421,145
과학탐구,지구과학 lll,43,443,133
과학탐구,지구과학 lll,42,437,130
과학탐구,지구과학 lll,41,901,271
과학탐구,지구과학 lll,40,379,120
과학탐구,지구과학 lll,39,332,105
과학탐구,지구과학 lll,38,264,97
과학탐구,지구과학 lll,37,281,70
과학탐구,지구과학 lll,36,247,72
과학탐구,지구과학 lll,35,261,51
과학탐구,지구과학 lll,34,172,54
과학탐구,지구과학 lll,33,85,24
과학탐구,지구과학 lll,32,150,45
과학탐구,지구과학 lll,31,42,11
과학탐구,지구과학 lll,30,31,10
과학탐구,지구과학 lll,28,20,9
직업탐구,농업 정보 관리,70,13,4
직업탐구,농업 정보 관리,68,1,6
직업탐구,농업 정보 관리,66,15,16
직업탐구,농업 정보 관리,65,2,0
직업탐구,농업 정보 관리,64,15,10
직업탐구,농업 정보 관리,63,23,18
직업탐구,농업 정보 관리,62,4,1
직업탐구,농업 정보 관리,61,25,16
직업탐구,농업 정보 관리,60,18,16
직업탐구,농업 정보 관리,59,6,9
직업탐구,농업 정보 관리,58,43,19
직업탐구,농업 정보 관리,57,12,12
직업탐구,농업 정보 관리,55,17,15
직업탐구,농업 정보 관리,54,37,37
직업탐구,농업 정보 관리,53,18,10
직업탐구,농업 정보 관리,52,28,31
직업탐구,농업 정보 관리,51,32,17
직업탐구,농업 정보 관리,50,19,13
직업탐구,농업 정보 관리,49,23,19
직업탐구,농업 정보 관리,48,32,20
직업탐구,농업 정보 관리,47,28,17
직업탐구,농업 정보 관리,45,24,20
직업탐구,농업 정보 관리,44,18,7
직업탐구,농업 정보 관리,43,21,10
직업탐구,농업 정보 관리,42,21,18
직업탐구,농업 정보 관리,41,19,11
직업탐구,농업 정보 관리,40,14,5
직업탐구,농업 정보 관리,39,12,6
직업탐구,농업 정보 관리,38,17,5
직업탐구,농업 정보 관리,37,13,7
직업탐구,농업 정보 관리,36,8,7
직업탐구,농업 정보 관리,34,8,5
직업탐구,농업 정보 관리,33,5,3
직업탐구,농업 정보 관리,32,7,5
직업탐구,농업 정보 관리,31,4,3
직업탐구,농업 정보 관리,30,4,4
직업탐구,농업 정보 관리,29,1,1
직업탐구,농업 정보 관리,28,4,1
직업탐구,농업 정보 관리,27,5,0
직업탐구,농업 정보 관리,26,5,2
직업탐구,농업 정보 관리,23,1,0
직업탐구,농업 정보 관리,22,3,1
직업탐구,농업 정보 관리,21,2,0
직업탐구,농업 정보 관리,20,4,0
직업탐구,농업 정보 관리,19,1,0
직업탐구,농업 정보 관리,18,0,1
직업탐구,정보 기술 기초,80,51,6
직업탐구,정보 기술 기초,78,40,8
직업탐구,정보 기술 기초,77,81,15
직업탐구,정보 기술 기초,76,16,4
직업탐구,정보 기술 기초,74,85,14
직업탐구,정보 기술 기초,73,82,9
직업탐구,정보 기술 기초,72,44,7
직업탐구,정보 기술 기초,71,133,34
직업탐구,정보 기술 기초,70,96,13
직업탐구,정보 기술 기초,69,89,23
직업탐구,정보 기술 기초,68,167,33
직업탐구,정보 기술 기초,66,109,25
직업탐구,정보 기술 기초,65,165,30
직업탐구,정보 기술 기초,64,205,33
직업탐구,정보 기술 기초,63,161,31
직업탐구,정보 기술 기초,62,204,42
직업탐구,정보 기술 기초,61,199,45
직업탐구,정보 기술 기초,60,235,48
직업탐구,정보 기술 기초,58,297,61
직업탐구,정보 기술 기초,57,264,62
직업탐구,정보 기술 기초,56,330,77
직업탐구,정보 기술 기초,55,373,81
직업탐구,정보 기술 기초,54,329,88
직업탐구,정보 기술 기초,53,456,111
직업탐구,정보 기술 기초,52,446,112
직업탐구,정보 기술 기초,50,510,130
직업탐구,정보 기술 기초,49,570,135
직업탐구,정보 기술 기초,48,547,133
직업탐구,정보 기술 기초,47,628,156
직업탐구,정보 기술 기초,46,553,152
직업탐구,정보 기술 기초,45,574,156
직업탐구,정보 기술 기초,44,625,157
직업탐구,정보 기술 기초,42,453,128
직업탐구,정보 기술 기초,41,489,137
직업탐구,정보 기술 기초,40,434,105
직업탐구,정보 기술 기초,39,322,86
직업탐구,정보 기술 기초,38,356,82
직업탐구,정보 기술 기초,37,198,53
직업탐구,정보 기술 기초,35,173,51
직업탐구,정보 기술 기초,34,126,37
직업탐구,정보 기술 기초,33,89,22
직업탐구,정보 기술 기초,32,63,17
직업탐구,정보 기술 기초,31,28,11
직업탐구,정보 기술 기초,30,31,13
직업탐구,정보 기술 기초,29,13,3
직업탐구,정보 기술 기초,27,10,3
직업탐구,정보 기술 기초,26,5,0
직업탐구,정보 기술 기초,25,4,3
직업탐구,정보 기술 기초,23,5,1
직업탐구,컴퓨터 일반,79,22,7
직업탐구,컴퓨터 일반,77,20,13
직업탐구,컴퓨터 일반,76,43,40
직업탐구,컴퓨터 일반,75,11,13
직업탐구,컴퓨터 일반,74,57,72
직업탐구,컴퓨터 일반,73,47,69
직업탐구,컴퓨터 일반,71,27,43
직업탐구,컴퓨터 일반,70,86,139
직업탐구,컴퓨터 일반,69,61,114
직업탐구,컴퓨터 일반,68,95,131
직업탐구,컴퓨터 일반,67,128,202
직업탐구,컴퓨터 일반,66,65,163
직업탐구,컴퓨터 일반,65,124,222
직업탐구,컴퓨터 일반,64,124,216
직업탐구,컴퓨터 일반,63,113,219
직업탐구,컴퓨터 일반,61,161,295
직업탐구,컴퓨터 일반,60,142,266
직업탐구,컴퓨터 일반,59,176,294
직업탐구,컴퓨터 일반,58,162,371
직업탐구,컴퓨터 일반,57,145,329
직업탐구,컴퓨터 일반,56,211,423
직업탐구,컴퓨터 일반,55,180,403
직업탐구,컴퓨터 일반,54,179,471
직업탐구,컴퓨터 일반,53,221,515
직업탐구,컴퓨터 일반,51,186,524
직업탐구,컴퓨터 일반,50,215,614
직업탐구,컴퓨터 일반,49,237,596
직업탐구,컴퓨터 일반,48,233,625
직업탐구,컴퓨터 일반,47,263,706
직업탐구,컴퓨터 일반,46,207,628
직업탐구,컴퓨터 일반,45,255,649
직업탐구,컴퓨터 일반,44,201,664
직업탐구,컴퓨터 일반,42,184,593
직업탐구,컴퓨터 일반,41,213,650
직업탐구,컴퓨터 일반,40,159,518
직업탐구,컴퓨터 일반,39,145,484
직업탐구,컴퓨터 일반,38,127,385
직업탐구,컴퓨터 일반,37,97,325
직업탐구,컴퓨터 일반,36,75,334
직업탐구,컴퓨터 일반,35,62,203
직업탐구,컴퓨터 일반,34,68,164
직업탐구,컴퓨터 일반,32,35,144
직업탐구,컴퓨터 일반,31,21,80
직업탐구,컴퓨터 일반,30,22,64
직업탐구,컴퓨터 일반,29,12,24
직업탐구,컴퓨터 일반,28,16,24
직업탐구,컴퓨터 일반,27,3,7
직업탐구,컴퓨터 일반,26,1,9
직업탐구,컴퓨터 일반,24,1,8
직업탐구,수산·해운 정보처리,70,4,1
직업탐구,수산·해운 정보처리,67,1,0
직업탐구,수산·해운 정보처리,66,5,1
직업탐구,수산·해운 정보처리,65,1,0
직업탐구,수산·해운 정보처리,63,5,0
직업탐구,수산·해운 정보처리,62,14,1
직업탐구,수산·해운 정보처리,61,5,0
직업탐구,수산·해운 정보처리,60,19,1
직업탐구,수산·해운 정보처리,58,11,2
직업탐구,수산·해운 정보처리,57,4,1
직업탐구,수산·해운 정보처리,56,24,3
직업탐구,수산·해운 정보처리,55,12,0
직업탐구,수산·해운 정보처리,54,8,0
직업탐구,수산·해운 정보처리,52,18,0
직업탐구,수산·해운 정보처리,51,16,0
직업탐구,수산·해운 정보처리,50,6,1
직업탐구,수산·해운 정보처리,49,7,2
직업탐구,수산·해운 정보처리,47,11,0
직업탐구,수산·해운 정보처리,46,16,0
직업탐구,수산·해운 정보처리,45,6,1
직업탐구,수산·해운 정보처리,44,7,0
직업탐구,수산·해운 정보처리,42,7,0
직업탐구,수산·해운 정보처리,41,7,1
직업탐구,수산·해운 정보처리,40,10,0
직업탐구,수산·해운 정보처리,39,7,1
직업탐구,수산·해운 정보처리,37,5,0
직업탐구,수산·해운 정보처리,36,5,0
직업탐구,수산·해운 정보처리,35,5,0
직업탐구,수산·해운 정보처리,34,3,0
직업탐구,수산·해운 정보처리,32,8,0
직업탐구,수산·해운 정보처리,31,4,0
직업탐구,수산·해운 정보처리,29,1,0
직업탐구,수산·해운 정보처리,28,1,0
직업탐구,수산·해운 정보처리,26,2,0
직업탐구,수산·해운 정보처리,25,1,0
직업탐구,수산·해운 정보처리,24,2,0
직업탐구,수산·해운 정보처리,21,1,0
직업탐구,농업 이해,69,4,3
직업탐구,농업 이해,67,7,6
직업탐구,농업 이해,66,11,5
직업탐구,농업 이해,65,7,5
직업탐구,농업 이해,64,15,16
직업탐구,농업 이해,62,17,9
직업탐구,농업 이해,61,29,17
직업탐구,농업 이해,60,18,17
직업탐구,농업 이해,59,19,16
직업탐구,농업 이해,58,25,13
직업탐구,농업 이해,57,16,17
직업탐구,농업 이해,56,24,27
직업탐구,농업 이해,55,23,19
직업탐구,농업 이해,54,25,20
직업탐구,농업 이해,53,33,24
직업탐구,농업 이해,52,25,20
직업탐구,농업 이해,50,31,27
직업탐구,농업 이해,49,34,18
직업탐구,농업 이해,48,14,18
직업탐구,농업 이해,47,37,22
직업탐구,농업 이해,46,17,17
직업탐구,농업 이해,45,22,10
직업탐구,농업 이해,44,22,14
직업탐구,농업 이해,43,20,13
직업탐구,농업 이해,42,12,12
직업탐구,농업 이해,41,6,5
직업탐구,농업 이해,40,14,6
직업탐구,농업 이해,38,11,3
직업탐구,농업 이해,37,4,5
직업탐구,농업 이해,36,10,5
직업탐구,농업 이해,35,7,3
직업탐구,농업 이해,34,7,4
직업탐구,농업 이해,33,13,1
직업탐구,농업 이해,32,5,2
직업탐구,농업 이해,31,3,4
직업탐구,농업 이해,30,5,2
직업탐구,농업 이해,29,3,4
직업탐구,농업 이해,28,6,3
직업탐구,농업 이해,26,4,4
직업탐구,농업 이해,25,6,3
직업탐구,농업 이해,24,5,0
직업탐구,농업 이해,23,1,1
직업탐구,농업 이해,22,3,0
직업탐구,농업 이해,21,3,1
직업탐구,농업 이해,20,1,1
직업탐구,농업 이해,18,1,0
직업탐구,농업 기초 기술,77,0,1
직업탐구,농업 기초 기술,74,1,1
직업탐구,농업 기초 기술,73,1,1
직업탐구,농업 기초 기술,72,4,4
직업탐구,농업 기초 기술,71,6,2
직업탐구,농업 기초 기술,70,3,4
직업탐구,농업 기초 기술,69,11,4
직업탐구,농업 기초 기술,68,7,7
직업탐구,농업 기초 기술,67,6,3
직업탐구,농업 기초 기술,66,13,7
직업탐구,농업 기초 기술,65,8,7
직업탐구,농업 기초 기술,64,11,9
직업탐구,농업 기초 기술,62,15,12
직업탐구,농업 기초 기술,61,9,7
직업탐구,농업 기초 기술,60,10,16
직업탐구,농업 기초 기술,59,15,7
직업탐구,농업 기초 기술,58,10,9
직업탐구,농업 기초 기술,57,12,11
직업탐구,농업 기초 기술,56,17,11
직업탐구,농업 기초 기술,55,13,13
직업탐구,농업 기초 기술,54,14,22
직업탐구,농업 기초 기술,53,27,15
직업탐구,농업 기초 기술,52,19,9
직업탐구,농업 기초 기술,51,23,17
직업탐구,농업 기초 기술,50,25,15
직업탐구,농업 기초 기술,49,28,18
직업탐구,농업 기초 기술,48,24,14
직업탐구,농업 기초 기술,47,20,12
직업탐구,농업 기초 기술,46,25,22
직업탐구,농업 기초 기술,44,27,14
직업탐구,농업 기초 기술,43,25,9
직업탐구,농업 기초 기술,42,20,15
직업탐구,농업 기초 기술,41,18,17
직업탐구,농업 기초 기술,40,21,10
직업탐구,농업 기초 기술,39,19,8
직업탐구,농업 기초 기술,38,16,13
직업탐구,농업 기초 기술,37,16,8
직업탐구,농업 기초 기술,36,12,4
직업탐구,농업 기초 기술,35,5,3
직업탐구,농업 기초 기술,34,14,3
직업탐구,농업 기초 기술,33,6,4
직업탐구,농업 기초 기술,32,7,3
직업탐구,농업 기초 기술,31,4,0
직업탐구,농업 기초 기술,30,4,1
직업탐구,농업 기초 기술,29,2,2
직업탐구,농업 기초 기술,28,1,0
직업탐구,농업 기초 기술,26,2,0
직업탐구,공업 입문,79,4,2
직업탐구,공업 입문,77,8,2
직업탐구,공업 입문,75,40,6
직업탐구,공업 입문,74,2,0
직업탐구,공업 입문,73,39,8
직업탐구,공업 입문,72,83,13
직업탐구,공업 입문,71,13,2
직업탐구,공업 입문,70,100,20
직업탐구,공업 입문,69,128,21
직업탐구,공업 입문,67,72,19
직업탐구,공업 입문,66,215,51
직업탐구,공업 입문,65,196,37
직업탐구,공업 입문,64,196,50
직업탐구,공업 입문,63,325,59
직업탐구,공업 입문,62,245,44
직업탐구,공업 입문,60,322,82
직업탐구,공업 입문,59,357,72
직업탐구,공업 입문,58,358,70
직업탐구,공업 입문,57,450,107
직업탐구,공업 입문,56,442,67
직업탐구,공업 입문,55,468,100
직업탐구,공업 입문,54,502,106
직업탐구,공업 입문,52,477,84
직업탐구,공업 입문,51,519,98
직업탐구,공업 입문,50,456,107
직업탐구,공업 입문,49,461,110
직업탐구,공업 입문,48,518,106
직업탐구,공업 입문,47,460,89
직업탐구,공업 입문,45,455,110
직업탐구,공업 입문,44,419,86
직업탐구,공업 입문,43,398,91
직업탐구,공업 입문,42,375,92
직업탐구,공업 입문,41,325,70
직업탐구,공업 입문,40,293,70
직업탐구,공업 입문,39,321,64
직업탐구,공업 입문,37,265,58
직업탐구,공업 입문,36,244,48
직업탐구,공업 입문,35,227,52
직업탐구,공업 입문,34,191,30
직업탐구,공업 입문,33,140,31
직업탐구,공업 입문,32,150,20
직업탐구,공업 입문,30,73,21
직업탐구,공업 입문,29,79,12
직업탐구,공업 입문,28,31,6
직업탐구,공업 입문,27,43,9
직업탐구,공업 입문,26,16,3
직업탐구,공업 입문,25,8,3
직업탐구,공업 입문,24,10,2
직업탐구,공업 입문,21,5,0
직업탐구,기초 제도,73,105,12
직업탐구,기초 제도,71,138,19
직업탐구,기초 제도,70,183,40
직업탐구,기초 제도,69,209,32
직업탐구,기초 제도,68,100,21
직업탐구,기초 제도,67,123,26
직업탐구,기초 제도,66,175,40
직업탐구,기초 제도,65,107,30
직업탐구,기초 제도,64,182,29
직업탐구,기초 제도,63,166,35
직업탐구,기초 제도,62,366,63
직업탐구,기초 제도,61,163,33
직업탐구,기초 제도,60,189,37
직업탐구,기초 제도,59,191,44
직업탐구,기초 제도,58,187,35
직업탐구,기초 제도,57,213,37
직업탐구,기초 제도,56,213,33
직업탐구,기초 제도,55,498,113
직업탐구,기초 제도,54,239,54
직업탐구,기초 제도,53,283,58
직업탐구,기초 제도,52,269,48
직업탐구,기초 제도,51,274,51
직업탐구,기초 제도,50,324,84
직업탐구,기초 제도,49,324,66
직업탐구,기초 제도,48,318,83
직업탐구,기초 제도,47,702,144
직업탐구,기초 제도,46,382,81
직업탐구,기초 제도,45,368,76
직업탐구,기초 제도,44,410,98
직업탐구,기초 제도,43,354,84
직업탐구,기초 제도,42,379,67
직업탐구,기초 제도,41,409,77
직업탐구,기초 제도,40,329,53
직업탐구,기초 제도,39,620,129
직업탐구,기초 제도,38,347,54
직업탐구,기초 제도,37,272,38
직업탐구,기초 제도,36,180,28
직업탐구,기초 제도,35,149,36
직업탐구,기초 제도,34,91,18
직업탐구,기초 제도,33,64,11
직업탐구,기초 제도,32,61,12
직업탐구,기초 제도,31,23,5
직업탐구,기초 제도,29,15,2
직업탐구,상업 경제,72,56,136
직업탐구,상업 경제,70,33,66
직업탐구,상업 경제,69,114,201
직업탐구,상업 경제,68,9,17
직업탐구,상업 경제,67,173,430
직업탐구,상업 경제,66,28,86
직업탐구,상업 경제,65,104,256
직업탐구,상업 경제,64,114,229
직업탐구,상업 경제,63,66,161
직업탐구,상업 경제,62,123,258
직업탐구,상업 경제,61,176,429
직업탐구,상업 경제,60,127,261
직업탐구,상업 경제,59,84,225
직업탐구,상업 경제,58,107,258
직업탐구,상업 경제,57,87,250
직업탐구,상업 경제,56,98,256
직업탐구,상업 경제,55,228,592
직업탐구,상업 경제,54,128,308
직업탐구,상업 경제,53,118,264
직업탐구,상업 경제,52,115,326
직업탐구,상업 경제,51,141,345
직업탐구,상업 경제,50,114,302
직업탐구,상업 경제,49,271,684
직업탐구,상업 경제,48,164,397
직업탐구,상업 경제,47,163,363
직업탐구,상업 경제,46,157,367
직업탐구,상업 경제,45,139,416
직업탐구,상업 경제,44,138,380
직업탐구,상업 경제,43,148,369
직업탐구,상업 경제,42,291,748
직업탐구,상업 경제,41,154,393
직업탐구,상업 경제,40,140,334
직업탐구,상업 경제,39,132,356
직업탐구,상업 경제,38,127,276
직업탐구,상업 경제,37,120,277
직업탐구,상업 경제,36,201,473
직업탐구,상업 경제,35,79,208
직업탐구,상업 경제,34,43,125
직업탐구,상업 경제,33,46,104
직업탐구,상업 경제,32,27,72
직업탐구,상업 경제,31,7,23
직업탐구,상업 경제,30,15,43
직업탐구,상업 경제,29,6,20
직업탐구,회계 원리,77,9,33
직업탐구,회계 원리,76,5,14
직업탐구,회계 원리,75,31,116
직업탐구,회계 원리,74,1,5
직업탐구,회계 원리,73,28,56
직업탐구,회계 원리,72,40,126
직업탐구,회계 원리,71,16,24
직업탐구,회계 원리,70,49,132
직업탐구,회계 원리,69,38,140
직업탐구,회계 원리,68,29,64
직업탐구,회계 원리,67,59,160
직업탐구,회계 원리,66,50,146
직업탐구,회계 원리,65,50,108
직업탐구,회계 원리,64,72,212
직업탐구,회계 원리,63,49,134
직업탐구,회계 원리,62,60,186
직업탐구,회계 원리,61,47,160
직업탐구,회계 원리,60,59,173
직업탐구,회계 원리,59,137,378
직업탐구,회계 원리,58,72,201
직업탐구,회계 원리,57,73,220
직업탐구,회계 원리,56,66,197
직업탐구,회계 원리,55,97,235
직업탐구,회계 원리,54,84,257
직업탐구,회계 원리,53,89,298
직업탐구,회계 원리,52,87,309
직업탐구,회계 원리,51,131,294
직업탐구,회계 원리,50,123,364
직업탐구,회계 원리,49,118,365
직업탐구,회계 원리,48,138,417
직업탐구,회계 원리,47,152,433
직업탐구,회계 원리,46,177,445
직업탐구,회계 원리,45,150,448
직업탐구,회계 원리,44,181,460
직업탐구,회계 원리,43,182,470
직업탐구,회계 원리,42,172,377
직업탐구,회계 원리,41,382,772
직업탐구,회계 원리,40,160,328
직업탐구,회계 원리,39,132,290
직업탐구,회계 원리,38,136,231
직업탐구,회계 원리,37,121,215
직업탐구,회계 원리,36,68,109
직업탐구,회계 원리,35,69,123
직업탐구,회계 원리,34,41,66
직업탐구,회계 원리,33,20,33
직업탐구,회계 원리,32,15,40
직업탐구,회계 원리,30,11,23
직업탐구,수산 일반,78,1,0
직업탐구,수산 일반,75,1,0
직업탐구,수산 일반,73,2,0
직업탐구,수산 일반,71,1,0
직업탐구,수산 일반,69,2,1
직업탐구,수산 일반,67,2,1
직업탐구,수산 일반,66,1,0
직업탐구,수산 일반,65,1,0
직업탐구,수산 일반,64,1,1
직업탐구,수산 일반,63,10,1
직업탐구,수산 일반,61,6,0
직업탐구,수산 일반,60,10,0
직업탐구,수산 일반,59,6,0
직업탐구,수산 일반,58,5,0
직업탐구,수산 일반,57,4,1
직업탐구,수산 일반,55,3,2
직업탐구,수산 일반,54,9,1
직업탐구,수산 일반,53,12,0
직업탐구,수산 일반,52,5,0
직업탐구,수산 일반,50,10,1
직업탐구,수산 일반,49,6,1
직업탐구,수산 일반,48,8,0
직업탐구,수산 일반,47,7,0
직업탐구,수산 일반,46,9,0
직업탐구,수산 일반,44,6,0
직업탐구,수산 일반,43,6,0
직업탐구,수산 일반,42,11,0
직업탐구,수산 일반,41,7,0
직업탐구,수산 일반,40,6,0
직업탐구,수산 일반,38,10,0
직업탐구,수산 일반,37,5,2
직업탐구,수산 일반,36,4,0
직업탐구,수산 일반,35,0,1
직업탐구,수산 일반,34,7,0
직업탐구,수산 일반,32,1,0
직업탐구,수산 일반,31,1,0
직업탐구,수산 일반,30,1,0
직업탐구,수산 일반,29,1,0
직업탐구,해사 일반,71,1,0
직업탐구,해사 일반,68,2,0
직업탐구,해사 일반,67,2,0
직업탐구,해사 일반,66,1,0
직업탐구,해사 일반,64,1,0
직업탐구,해사 일반,63,2,0
직업탐구,해사 일반,62,2,0
직업탐구,해사 일반,61,2,0
직업탐구,해사 일반,59,4,0
직업탐구,해사 일반,58,4,0
직업탐구,해사 일반,57,3,0
직업탐구,해사 일반,56,5,0
직업탐구,해사 일반,54,4,0
직업탐구,해사 일반,53,3,0
직업탐구,해사 일반,52,4,0
직업탐구,해사 일반,50,2,0
직업탐구,해사 일반,49,7,0
직업탐구,해사 일반,48,6,0
직업탐구,해사 일반,47,2,0
직업탐구,해사 일반,45,4,0
직업탐구,해사 일반,43,7,0
직업탐구,해사 일반,41,2,0
직업탐구,해사 일반,40,2,0
직업탐구,해사 일반,39,1,0
직업탐구,해사 일반,38,1,0
직업탐구,해사 일반,36,1,0
직업탐구,해사 일반,35,4,0
직업탐구,해사 일반,34,1,0
직업탐구,해사 일반,33,0,2
직업탐구,해사 일반,31,1,0
직업탐구,해사 일반,30,0,1
직업탐구,해사 일반,24,1,0
직업탐구,해양 일반,73,1,0
직업탐구,해양 일반,71,2,0
직업탐구,해양 일반,70,2,0
직업탐구,해양 일반,69,2,0
직업탐구,해양 일반,68,4,0
직업탐구,해양 일반,67,3,0
직업탐구,해양 일반,66,4,0
직업탐구,해양 일반,65,5,1
직업탐구,해양 일반,64,5,0
직업탐구,해양 일반,63,4,0
직업탐구,해양 일반,62,2,0
직업탐구,해양 일반,61,8,0
직업탐구,해양 일반,60,10,0
직업탐구,해양 일반,59,4,0
직업탐구,해양 일반,58,8,0
직업탐구,해양 일반,57,12,0
직업탐구,해양 일반,56,7,1
직업탐구,해양 일반,55,5,1
직업탐구,해양 일반,54,11,0
직업탐구,해양 일반,53,5,0
직업탐구,해양 일반,52,8,0
직업탐구,해양 일반,51,9,0
직업탐구,해양 일반,50,12,0
직업탐구,해양 일반,49,5,1
직업탐구,해양 일반,48,13,0
직업탐구,해양 일반,47,6,0
직업탐구,해양 일반,46,9,1
직업탐구,해양 일반,45,11,0
직업탐구,해양 일반,44,5,0
직업탐구,해양 일반,43,7,0
직업탐구,해양 일반,42,12,0
직업탐구,해양 일반,41,14,1
직업탐구,해양 일반,40,6,2
직업탐구,해양 일반,39,11,0
직업탐구,해양 일반,38,2,0
직업탐구,해양 일반,37,7,0
직업탐구,해양 일반,36,6,0
직업탐구,해양 일반,35,5,0
직업탐구,해양 일반,34,3,0
직업탐구,해양 일반,33,3,0
직업탐구,해양 일반,32,4,0
직업탐구,해양 일반,31,1,0
직업탐구,해양 일반,28,2,0
직업탐구,인간 발달,72,1,18
직업탐구,인간 발달,70,0,27
직업탐구,인간 발달,69,5,25
직업탐구,인간 발달,68,1,14
직업탐구,인간 발달,67,5,47
직업탐구,인간 발달,66,4,37
직업탐구,인간 발달,65,15,42
직업탐구,인간 발달,64,11,46
직업탐구,인간 발달,63,11,51
직업탐구,인간 발달,62,14,50
직업탐구,인간 발달,61,13,48
직업탐구,인간 발달,60,14,53
직업탐구,인간 발달,59,12,64
직업탐구,인간 발달,58,12,54
직업탐구,인간 발달,57,14,51
직업탐구,인간 발달,56,17,69
직업탐구,인간 발달,54,25,47
직업탐구,인간 발달,53,12,79
직업탐구,인간 발달,52,19,75
직업탐구,인간 발달,51,17,70
직업탐구,인간 발달,50,25,76
직업탐구,인간 발달,49,13,71
직업탐구,인간 발달,48,9,94
직업탐구,인간 발달,47,20,86
직업탐구,인간 발달,46,24,73
직업탐구,인간 발달,45,26,87
직업탐구,인간 발달,44,20,69
직업탐구,인간 발달,43,18,89
직업탐구,인간 발달,42,20,78
직업탐구,인간 발달,41,18,73
직업탐구,인간 발달,40,20,75
직업탐구,인간 발달,39,10,55
직업탐구,인간 발달,38,11,49
직업탐구,인간 발달,37,15,43
직업탐구,인간 발달,35,8,37
직업탐구,인간 발달,34,7,26
직업탐구,인간 발달,33,9,16
직업탐구,인간 발달,32,11,17
직업탐구,인간 발달,31,6,11
직업탐구,인간 발달,30,5,12
직업탐구,인간 발달,29,1,5
직업탐구,인간 발달,28,3,2
직업탐구,인간 발달,27,1,2
직업탐구,인간 발달,26,0,3
직업탐구,인간 발달,25,2,0
직업탐구,인간 발달,24,0,2
직업탐구,인간 발달,22,0,2
직업탐구,식품과 영양,71,2,16
직업탐구,식품과 영양,69,5,17
직업탐구,식품과 영양,68,5,27
직업탐구,식품과 영양,67,6,25
직업탐구,식품과 영양,66,6,13
직업탐구,식품과 영양,65,8,26
직업탐구,식품과 영양,64,10,31
직업탐구,식품과 영양,63,10,33
직업탐구,식품과 영양,62,6,20
직업탐구,식품과 영양,61,7,15
직업탐구,식품과 영양,60,6,25
직업탐구,식품과 영양,59,5,13
직업탐구,식품과 영양,58,11,30
직업탐구,식품과 영양,57,4,24
직업탐구,식품과 영양,56,4,16
직업탐구,식품과 영양,55,7,20
직업탐구,식품과 영양,54,10,14
직업탐구,식품과 영양,53,5,21
직업탐구,식품과 영양,52,9,48
직업탐구,식품과 영양,51,7,27
직업탐구,식품과 영양,50,7,35
직업탐구,식품과 영양,49,11,33
직업탐구,식품과 영양,48,7,48
직업탐구,식품과 영양,47,9,68
직업탐구,식품과 영양,46,4,36
직업탐구,식품과 영양,45,14,40
직업탐구,식품과 영양,44,12,45
직업탐구,식품과 영양,43,12,45
직업탐구,식품과 영양,42,14,72
직업탐구,식품과 영양,41,7,44
직업탐구,식품과 영양,40,14,28
직업탐구,식품과 영양,39,8,30
직업탐구,식품과 영양,38,10,36
직업탐구,식품과 영양,37,8,29
직업탐구,식품과 영양,36,10,33
직업탐구,식품과 영양,35,3,14
직업탐구,식품과 영양,34,2,8
직업탐구,식품과 영양,33,1,14
직업탐구,식품과 영양,32,1,3
직업탐구,식품과 영양,31,1,3
직업탐구,디자인 일반,76,3,2
직업탐구,디자인 일반,75,0,9
직업탐구,디자인 일반,74,1,2
직업탐구,디자인 일반,73,3,21
직업탐구,디자인 일반,72,2,15
직업탐구,디자인 일반,70,10,19
직업탐구,디자인 일반,69,5,35
직업탐구,디자인 일반,68,2,20
직업탐구,디자인 일반,67,10,50
직업탐구,디자인 일반,66,10,50
직업탐구,디자인 일반,65,10,46
직업탐구,디자인 일반,63,15,74
직업탐구,디자인 일반,62,15,57
직업탐구,디자인 일반,61,18,89
직업탐구,디자인 일반,60,23,86
직업탐구,디자인 일반,59,11,94
직업탐구,디자인 일반,58,29,115
직업탐구,디자인 일반,56,31,84
직업탐구,디자인 일반,55,28,90
직업탐구,디자인 일반,54,44,136
직업탐구,디자인 일반,53,32,113
직업탐구,디자인 일반,52,34,102
직업탐구,디자인 일반,51,47,144
직업탐구,디자인 일반,49,41,106
직업탐구,디자인 일반,48,31,109
직업탐구,디자인 일반,47,33,143
직업탐구,디자인 일반,46,40,108
직업탐구,디자인 일반,45,43,124
직업탐구,디자인 일반,44,35,90
직업탐구,디자인 일반,42,43,106
직업탐구,디자인 일반,41,36,102
직업탐구,디자인 일반,40,30,78
직업탐구,디자인 일반,39,28,88
직업탐구,디자인 일반,38,16,63
직업탐구,디자인 일반,37,25,65
직업탐구,디자인 일반,35,20,50
직업탐구,디자인 일반,34,14,34
직업탐구,디자인 일반,33,15,32
직업탐구,디자인 일반,32,13,21
직업탐구,디자인 일반,31,10,18
직업탐구,디자인 일반,30,6,15
직업탐구,디자인 일반,28,2,11
직업탐구,디자인 일반,27,2,6
직업탐구,디자인 일반,26,3,3
직업탐구,디자인 일반,25,4,2
직업탐구,디자인 일반,24,1,1
직업탐구,디자인 일반,23,2,1
직업탐구,디자인 일반,20,0,2
직업탐구,프로그래밍,73,35,3
직업탐구,프로그래밍,71,10,1
직업탐구,프로그래밍,70,33,14
직업탐구,프로그래밍,69,17,9
직업탐구,프로그래밍,68,22,4
직업탐구,프로그래밍,67,3,1
직업탐구,프로그래밍,66,17,7
직업탐구,프로그래밍,65,28,8
직업탐구,프로그래밍,64,8,0
직업탐구,프로그래밍,63,23,8
직업탐구,프로그래밍,62,29,10
직업탐구,프로그래밍,61,19,10
직업탐구,프로그래밍,60,9,8
직업탐구,프로그래밍,59,19,3
직업탐구,프로그래밍,58,31,12
직업탐구,프로그래밍,57,19,11
직업탐구,프로그래밍,56,27,11
직업탐구,프로그래밍,55,55,22
직업탐구,프로그래밍,54,37,13
직업탐구,프로그래밍,53,19,11
직업탐구,프로그래밍,52,39,10
직업탐구,프로그래밍,51,27,13
직업탐구,프로그래밍,50,29,9
직업탐구,프로그래밍,49,77,28
직업탐구,프로그래밍,48,38,26
직업탐구,프로그래밍,47,41,34
직업탐구,프로그래밍,46,52,25
직업탐구,프로그래밍,45,45,30
직업탐구,프로그래밍,44,31,23
직업탐구,프로그래밍,43,44,42
직업탐구,프로그래밍,42,94,46
직업탐구,프로그래밍,41,41,26
직업탐구,프로그래밍,40,28,28
직업탐구,프로그래밍,39,30,13
직업탐구,프로그래밍,38,15,23
직업탐구,프로그래밍,37,23,17
직업탐구,프로그래밍,36,16,12
직업탐구,프로그래밍,35,17,13
직업탐구,프로그래밍,34,8,2
직업탐구,프로그래밍,33,6,2
직업탐구,프로그래밍,32,4,2
직업탐구,프로그래밍,31,4,2
직업탐구,프로그래밍,29,3,1
제2외국어,독일어 l,72,3,8
제2외국어,독일어 l,71,3,1
제2외국어,독일어 l,70,16,14
제2외국어,독일어 l,69,37,63
제2외국어,독일어 l,68,6,16
제2외국어,독일어 l,67,41,54
제2외국어,독일어 l,66,49,83
제2외국어,독일어 l,65,26,34
제2외국어,독일어 l,64,34,58
제2외국어,독일어 l,63,22,43
제2외국어,독일어 l,62,72,78
제2외국어,독일어 l,61,30,47
제2외국어,독일어 l,60,34,35
제2외국어,독일어 l,59,34,30
제2외국어,독일어 l,58,60,76
제2외국어,독일어 l,57,31,25
제2외국어,독일어 l,56,31,31
제2외국어,독일어 l,55,22,34
제2외국어,독일어 l,54,61,60
제2외국어,독일어 l,53,22,38
제2외국어,독일어 l,52,28,35
제2외국어,독일어 l,51,27,29
제2외국어,독일어 l,50,61,75
제2외국어,독일어 l,49,42,29
제2외국어,독일어 l,48,49,41
제2외국어,독일어 l,47,45,38
제2외국어,독일어 l,46,111,91
제2외국어,독일어 l,45,86,57
제2외국어,독일어 l,44,80,72
제2외국어,독일어 l,43,90,66
제2외국어,독일어 l,42,232,162
제2외국어,독일어 l,41,89,66
제2외국어,독일어 l,40,100,67
제2외국어,독일어 l,39,101,65
제2외국어,독일어 l,38,125,80
제2외국어,독일어 l,37,35,21
제2외국어,독일어 l,36,23,19
제2외국어,독일어 l,35,9,10
제2외국어,독일어 l,34,15,13
제2외국어,독일어 l,33,4,0
제2외국어,독일어 l,32,3,0
제2외국어,프랑스어 l,69,31,85
제2외국어,프랑스어 l,68,5,7
제2외국어,프랑스어 l,67,52,145
제2외국어,프랑스어 l,66,39,137
제2외국어,프랑스어 l,65,7,24
제2외국어,프랑스어 l,64,51,141
제2외국어,프랑스어 l,63,33,88
제2외국어,프랑스어 l,62,9,24
제2외국어,프랑스어 l,61,32,89
제2외국어,프랑스어 l,60,18,42
제2외국어,프랑스어 l,59,9,32
제2외국어,프랑스어 l,58,28,55
제2외국어,프랑스어 l,57,17,44
제2외국어,프랑스어 l,56,7,34
제2외국어,프랑스어 l,55,21,67
제2외국어,프랑스어 l,54,12,38
제2외국어,프랑스어 l,53,10,40
제2외국어,프랑스어 l,52,24,91
제2외국어,프랑스어 l,51,14,64
제2외국어,프랑스어 l,50,16,56
제2외국어,프랑스어 l,49,31,151
제2외국어,프랑스어 l,48,21,95
제2외국어,프랑스어 l,47,25,100
제2외국어,프랑스어 l,46,51,223
제2외국어,프랑스어 l,45,33,133
제2외국어,프랑스어 l,44,34,119
제2외국어,프랑스어 l,43,78,292
제2외국어,프랑스어 l,42,45,109
제2외국어,프랑스어 l,41,47,136
제2외국어,프랑스어 l,40,112,236
제2외국어,프랑스어 l,39,56,98
제2외국어,프랑스어 l,38,37,66
제2외국어,프랑스어 l,37,44,95
제2외국어,프랑스어 l,36,17,17
제2외국어,프랑스어 l,35,9,17
제2외국어,프랑스어 l,34,9,14
제2외국어,프랑스어 l,33,2,2
제2외국어,프랑스어 l,32,1,0
제2외국어,프랑스어 l,31,2,1
제2외국어,스페인어 l,75,2,4
제2외국어,스페인어 l,73,3,15
제2외국어,스페인어 l,72,12,45
제2외국어,스페인어 l,70,29,48
제2외국어,스페인어 l,69,1,0
제2외국어,스페인어 l,68,31,72
제2외국어,스페인어 l,66,24,55
제2외국어,스페인어 l,65,1,3
제2외국어,스페인어 l,64,24,52
제2외국어,스페인어 l,63,23,27
제2외국어,스페인어 l,62,6,2
제2외국어,스페인어 l,61,7,29
제2외국어,스페인어 l,60,4,7
제2외국어,스페인어 l,59,11,18
제2외국어,스페인어 l,58,4,12
제2외국어,스페인어 l,57,13,23
제2외국어,스페인어 l,56,22,29
제2외국어,스페인어 l,55,12,22
제2외국어,스페인어 l,54,11,30
제2외국어,스페인어 l,53,17,18
제2외국어,스페인어 l,52,13,32
제2외국어,스페인어 l,51,14,40
제2외국어,스페인어 l,50,19,41
제2외국어,스페인어 l,49,29,57
제2외국어,스페인어 l,48,47,46
제2외국어,스페인어 l,47,99,143
제2외국어,스페인어 l,46,67,80
제2외국어,스페인어 l,45,60,80
제2외국어,스페인어 l,44,55,71
제2외국어,스페인어 l,43,62,81
제2외국어,스페인어 l,42,66,82
제2외국어,스페인어 l,41,46,77
제2외국어,스페인어 l,40,49,53
제2외국어,스페인어 l,39,59,65
제2외국어,스페인어 l,38,27,23
제2외국어,스페인어 l,37,18,16
제2외국어,스페인어 l,36,14,13
제2외국어,스페인어 l,35,4,4
제2외국어,스페인어 l,34,0,2
제2외국어,스페인어 l,33,3,2
제2외국어,스페인어 l,32,1,0
제2외국어,스페인어 l,31,2,0
제2외국어,중국어 l,74,12,35
제2외국어,중국어 l,73,1,2
제2외국어,중국어 l,72,54,65
제2외국어,중국어 l,71,4,12
제2외국어,중국어 l,70,55,115
제2외국어,중국어 l,69,9,21
제2외국어,중국어 l,68,109,165
제2외국어,중국어 l,67,142,243
제2외국어,중국어 l,66,34,69
제2외국어,중국어 l,65,131,244
제2외국어,중국어 l,64,64,107
제2외국어,중국어 l,63,127,258
제2외국어,중국어 l,62,68,131
제2외국어,중국어 l,61,120,210
제2외국어,중국어 l,60,193,351
제2외국어,중국어 l,59,102,130
제2외국어,중국어 l,58,68,193
제2외국어,중국어 l,57,92,159
제2외국어,중국어 l,56,95,150
제2외국어,중국어 l,55,93,153
제2외국어,중국어 l,54,183,310
제2외국어,중국어 l,53,79,189
제2외국어,중국어 l,52,103,170
제2외국어,중국어 l,51,94,183
제2외국어,중국어 l,50,91,216
제2외국어,중국어 l,49,107,227
제2외국어,중국어 l,48,123,232
제2외국어,중국어 l,47,276,559
제2외국어,중국어 l,46,190,259
제2외국어,중국어 l,45,174,294
제2외국어,중국어 l,44,188,326
제2외국어,중국어 l,43,215,302
제2외국어,중국어 l,42,247,323
제2외국어,중국어 l,41,218,313
제2외국어,중국어 l,40,473,563
제2외국어,중국어 l,39,267,234
제2외국어,중국어 l,38,221,222
제2외국어,중국어 l,37,168,160
제2외국어,중국어 l,36,105,108
제2외국어,중국어 l,35,84,84
제2외국어,중국어 l,34,47,40
제2외국어,중국어 l,33,40,32
제2외국어,중국어 l,32,6,7
제2외국어,중국어 l,31,2,1
제2외국어,중국어 l,30,3,1
제2외국어,일본어 l,70,26,72
제2외국어,일본어 l,69,1,6
제2외국어,일본어 l,68,108,201
제2외국어,일본어 l,67,209,375
제2외국어,일본어 l,66,14,49
제2외국어,일본어 l,65,289,602
제2외국어,일본어 l,64,37,125
제2외국어,일본어 l,63,403,717
제2외국어,일본어 l,62,93,195
제2외국어,일본어 l,61,567,1065
제2외국어,일본어 l,60,430,760
제2외국어,일본어 l,59,195,418
제2외국어,일본어 l,58,416,681
제2외국어,일본어 l,57,252,405
제2외국어,일본어 l,56,588,945
제2외국어,일본어 l,55,269,451
제2외국어,일본어 l,54,192,400
제2외국어,일본어 l,53,201,394
제2외국어,일본어 l,52,211,370
제2외국어,일본어 l,51,178,347
제2외국어,일본어 l,50,386,721
제2외국어,일본어 l,49,212,372
제2외국어,일본어 l,48,200,380
제2외국어,일본어 l,47,214,411
제2외국어,일본어 l,46,220,423
제2외국어,일본어 l,45,474,825
제2외국어,일본어 l,44,279,471
제2외국어,일본어 l,43,270,417
제2외국어,일본어 l,42,326,427
제2외국어,일본어 l,41,304,435
제2외국어,일본어 l,40,311,436
제2외국어,일본어 l,39,776,825
제2외국어,일본어 l,38,385,360
제2외국어,일본어 l,37,347,313
제2외국어,일본어 l,36,329,264
제2외국어,일본어 l,35,307,229
제2외국어,일본어 l,34,296,203
제2외국어,일본어 l,33,471,325
제2외국어,일본어 l,32,89,43
제2외국어,일본어 l,31,58,21
제2외국어,일본어 l,30,18,8
제2외국어,일본어 l,29,10,4
제2외국어,일본어 l,28,11,2
제2외국어,러시아어 l,80,3,15
제2외국어,러시아어 l,79,3,2
제2외국어,러시아어 l,78,15,19
제2외국어,러시아어 l,77,1,4
제2외국어,러시아어 l,76,10,18
제2외국어,러시아어 l,75,3,7
제2외국어,러시아어 l,74,10,25
제2외국어,러시아어 l,73,1,6
제2외국어,러시아어 l,72,12,21
제2외국어,러시아어 l,71,5,11
제2외국어,러시아어 l,70,6,5
제2외국어,러시아어 l,69,3,4
제2외국어,러시아어 l,68,1,7
제2외국어,러시아어 l,67,4,6
제2외국어,러시아어 l,66,3,4
제2외국어,러시아어 l,65,3,5
제2외국어,러시아어 l,64,3,4
제2외국어,러시아어 l,63,7,5
제2외국어,러시아어 l,62,4,3
제2외국어,러시아어 l,61,4,0
제2외국어,러시아어 l,60,2,0
제2외국어,러시아어 l,59,2,3
제2외국어,러시아어 l,58,4,3
제2외국어,러시아어 l,57,2,4
제2외국어,러시아어 l,56,7,7
제2외국어,러시아어 l,55,12,17
제2외국어,러시아어 l,54,5,19
제2외국어,러시아어 l,53,12,22
제2외국어,러시아어 l,52,18,33
제2외국어,러시아어 l,51,25,44
제2외국어,러시아어 l,50,34,48
제2외국어,러시아어 l,49,31,68
제2외국어,러시아어 l,48,40,70
제2외국어,러시아어 l,47,55,72
제2외국어,러시아어 l,46,124,192
제2외국어,러시아어 l,45,66,80
제2외국어,러시아어 l,44,55,63
제2외국어,러시아어 l,43,65,92
제2외국어,러시아어 l,42,40,45
제2외국어,러시아어 l,41,33,30
제2외국어,러시아어 l,40,15,27
제2외국어,러시아어 l,39,10,17
제2외국어,러시아어 l,38,15,12
제2외국어,러시아어 l,37,2,2
제2외국어,러시아어 l,36,0,1
제2외국어,러시아어 l,35,0,1
제2외국어,아랍어 l,100,107,55
제2외국어,아랍어 l,98,12,4
제2외국어,아랍어 l,97,20,12
제2외국어,아랍어 l,95,9,2
제2외국어,아랍어 l,93,12,2
제2외국어,아랍어 l,91,11,3
제2외국어,아랍어 l,89,15,6
제2외국어,아랍어 l,88,14,4
제2외국어,아랍어 l,86,17,11
제2외국어,아랍어 l,84,20,8
제2외국어,아랍어 l,82,16,11
제2외국어,아랍어 l,80,17,7
제2외국어,아랍어 l,79,13,12
제2외국어,아랍어 l,77,23,16
제2외국어,아랍어 l,75,31,28
제2외국어,아랍어 l,73,37,37
제2외국어,아랍어 l,71,47,63
제2외국어,아랍어 l,70,72,93
제2외국어,아랍어 l,68,113,139
제2외국어,아랍어 l,66,165,200
제2외국어,아랍어 l,64,253,319
제2외국어,아랍어 l,62,325,363
제2외국어,아랍어 l,61,454,499
제2외국어,아랍어 l,59,573,591
제2외국어,아랍어 l,57,684,751
제2외국어,아랍어 l,55,872,835
제2외국어,아랍어 l,54,1004,993
제2외국어,아랍어 l,52,1112,1087
제2외국어,아랍어 l,50,1203,1111
제2외국어,아랍어 l,48,1279,1096
제2외국어,아랍어 l,46,1256,1046
제2외국어,아랍어 l,45,1589,1166
제2외국어,아랍어 l,43,1165,885
제2외국어,아랍어 l,41,945,693
제2외국어,아랍어 l,39,723,502
제2외국어,아랍어 l,37,558,398
제2외국어,아랍어 l,36,382,243
제2외국어,아랍어 l,34,252,146
제2외국어,아랍어 l,32,150,83
제2외국어,아랍어 l,30,84,43
제2외국어,아랍어 l,28,40,17
제2외국어,아랍어 l,27,12,2
제2외국어,아랍어 l,25,5,5
제2외국어,한문,73,35,11
제2외국어,한문,72,21,8
제2외국어,한문,71,107,36
제2외국어,한문,70,71,29
제2외국어,한문,69,146,83
제2외국어,한문,68,131,63
제2외국어,한문,67,184,112
제2외국어,한문,66,165,82
제2외국어,한문,65,204,137
제2외국어,한문,63,193,122
제2외국어,한문,62,215,162
제2외국어,한문,61,189,168
제2외국어,한문,60,223,209
제2외국어,한문,59,217,186
제2외국어,한문,58,252,226
제2외국어,한문,57,283,262
제2외국어,한문,56,262,233
제2외국어,한문,55,274,299
제2외국어,한문,54,284,293
제2외국어,한문,53,306,294
제2외국어,한문,52,295,312
제2외국어,한문,51,312,319
제2외국어,한문,50,307,326
제2외국어,한문,49,328,369
제2외국어,한문,48,305,395
제2외국어,한문,47,304,337
제2외국어,한문,46,293,321
제2외국어,한문,45,290,347
제2외국어,한문,44,281,303
제2외국어,한문,43,277,274
제2외국어,한문,42,224,255
제2외국어,한문,41,241,240
제2외국어,한문,40,181,216
제2외국어,한문,38,181,200
제2외국어,한문,37,175,168
제2외국어,한문,36,175,141
제2외국어,한문,35,146,139
제2외국어,한문,34,116,119
제2외국어,한문,33,120,99
제2외국어,한문,32,125,62
제2외국어,한문,31,113,48
제2외국어,한문,30,52,46
제2외국어,한문,29,47,34
제2외국어,한문,28,44,23
제2외국어,한문,27,24,12
제2외국어,한문,26,27,10
제2외국어,한문,25,12,6
제2외국어,한문,24,6,1
제2외국어,한문,23,3,2
제2외국어,한문,22,2,0
제2외국어,한문,21,1,0
